{"level":30,"time":1773359650701,"env":"development","version":"2.6.5","pid":40257,"requestId":"ITXBI-P57O2","timestamp":"2026-03-12T23:54:10.701Z","operation":"loggerInit","msg":"Logger initialized. MCP level: debug."}
{"level":30,"time":1773359650702,"env":"development","version":"2.6.5","pid":40257,"requestId":"B2TPZ-1EIL2","timestamp":"2026-03-12T23:54:10.702Z","operation":"LoggerInit","msg":"Logger initialized. Effective MCP logging level: debug."}
{"level":30,"time":1773359650702,"env":"development","version":"2.6.5","pid":40257,"runtime":"bun","runtimeVersion":"Bun 1.3.3","requestId":"L2PM4-VV5CX","timestamp":"2026-03-12T23:54:10.702Z","operation":"RuntimeDetection","msg":"Runtime detected: Bun 1.3.3"}
{"level":30,"time":1773359650702,"env":"development","version":"2.6.5","pid":40257,"requestId":"SGJ55-70MB7","timestamp":"2026-03-12T23:54:10.702Z","operation":"StorageInit","msg":"Storage service initialized with provider: in-memory"}
{"level":30,"time":1773359650702,"env":"development","version":"2.6.5","pid":40257,"applicationName":"@cyanheads/git-mcp-server","applicationVersion":"2.6.5","nodeEnvironment":"development","requestId":"YXLA1-NO7KA","timestamp":"2026-03-12T23:54:10.702Z","operation":"ServerStartup","msg":"Starting @cyanheads/git-mcp-server (v2.6.5)..."}
{"level":30,"time":1773359650702,"env":"development","version":"2.6.5","pid":40257,"transport":"stdio","requestId":"68SZ9-I9CLP","timestamp":"2026-03-12T23:54:10.702Z","operation":"TransportManager.start","msg":"Starting transport: stdio"}
{"level":30,"time":1773359650702,"env":"development","version":"2.6.5","pid":40257,"requestId":"MWG1Y-AAADZ","timestamp":"2026-03-12T23:54:10.702Z","operation":"createMcpServerInstance","msg":"Initializing MCP server instance"}
{"level":20,"time":1773359650702,"env":"development","version":"2.6.5","pid":40257,"requestId":"8OZKV-7QFNF","timestamp":"2026-03-12T23:54:10.702Z","newConfigState":{"appName":"@cyanheads/git-mcp-server","appVersion":"2.6.5","environment":"development"},"operation":"RequestContextService.configure","msg":"RequestContextService configuration updated"}
{"level":20,"time":1773359650704,"env":"development","version":"2.6.5","pid":40257,"requestId":"MWG1Y-AAADZ","timestamp":"2026-03-12T23:54:10.702Z","operation":"createMcpServerInstance","msg":"Registering all MCP capabilities via registries..."}
{"level":30,"time":1773359650705,"env":"development","version":"2.6.5","pid":40257,"requestId":"YF89P-5BD9P","timestamp":"2026-03-12T23:54:10.705Z","operation":"ToolRegistry.registerAll","msg":"Registering 27 tool(s)..."}
{"level":20,"time":1773359650705,"env":"development","version":"2.6.5","pid":40257,"toolName":"git_add","requestId":"D7HAC-9MHL9","timestamp":"2026-03-12T23:54:10.705Z","operation":"ToolRegistry.registerTool","msg":"Registering tool: 'git_add'"}
{"level":30,"time":1773359650705,"env":"development","version":"2.6.5","pid":40257,"toolName":"git_add","requestId":"D7HAC-9MHL9","timestamp":"2026-03-12T23:54:10.705Z","operation":"ToolRegistry.registerTool","msg":"Tool 'git_add' registered successfully."}
{"level":20,"time":1773359650705,"env":"development","version":"2.6.5","pid":40257,"toolName":"git_blame","requestId":"ZMJBY-RL93I","timestamp":"2026-03-12T23:54:10.705Z","operation":"ToolRegistry.registerTool","msg":"Registering tool: 'git_blame'"}
{"level":30,"time":1773359650705,"env":"development","version":"2.6.5","pid":40257,"toolName":"git_blame","requestId":"ZMJBY-RL93I","timestamp":"2026-03-12T23:54:10.705Z","operation":"ToolRegistry.registerTool","msg":"Tool 'git_blame' registered successfully."}
{"level":20,"time":1773359650705,"env":"development","version":"2.6.5","pid":40257,"toolName":"git_branch","requestId":"IVID1-J3FYE","timestamp":"2026-03-12T23:54:10.705Z","operation":"ToolRegistry.registerTool","msg":"Registering tool: 'git_branch'"}
{"level":30,"time":1773359650705,"env":"development","version":"2.6.5","pid":40257,"toolName":"git_branch","requestId":"IVID1-J3FYE","timestamp":"2026-03-12T23:54:10.705Z","operation":"ToolRegistry.registerTool","msg":"Tool 'git_branch' registered successfully."}
{"level":20,"time":1773359650705,"env":"development","version":"2.6.5","pid":40257,"toolName":"git_checkout","requestId":"AOUS0-U0IHA","timestamp":"2026-03-12T23:54:10.705Z","operation":"ToolRegistry.registerTool","msg":"Registering tool: 'git_checkout'"}
{"level":30,"time":1773359650705,"env":"development","version":"2.6.5","pid":40257,"toolName":"git_checkout","requestId":"AOUS0-U0IHA","timestamp":"2026-03-12T23:54:10.705Z","operation":"ToolRegistry.registerTool","msg":"Tool 'git_checkout' registered successfully."}
{"level":20,"time":1773359650705,"env":"development","version":"2.6.5","pid":40257,"toolName":"git_cherry_pick","requestId":"DDGV2-0WCZ0","timestamp":"2026-03-12T23:54:10.705Z","operation":"ToolRegistry.registerTool","msg":"Registering tool: 'git_cherry_pick'"}
{"level":30,"time":1773359650705,"env":"development","version":"2.6.5","pid":40257,"toolName":"git_cherry_pick","requestId":"DDGV2-0WCZ0","timestamp":"2026-03-12T23:54:10.705Z","operation":"ToolRegistry.registerTool","msg":"Tool 'git_cherry_pick' registered successfully."}
{"level":20,"time":1773359650705,"env":"development","version":"2.6.5","pid":40257,"toolName":"git_clean","requestId":"65UKP-SJOP7","timestamp":"2026-03-12T23:54:10.705Z","operation":"ToolRegistry.registerTool","msg":"Registering tool: 'git_clean'"}
{"level":30,"time":1773359650705,"env":"development","version":"2.6.5","pid":40257,"toolName":"git_clean","requestId":"65UKP-SJOP7","timestamp":"2026-03-12T23:54:10.705Z","operation":"ToolRegistry.registerTool","msg":"Tool 'git_clean' registered successfully."}
{"level":20,"time":1773359650705,"env":"development","version":"2.6.5","pid":40257,"toolName":"git_clear_working_dir","requestId":"F2P73-ZCJJX","timestamp":"2026-03-12T23:54:10.705Z","operation":"ToolRegistry.registerTool","msg":"Registering tool: 'git_clear_working_dir'"}
{"level":30,"time":1773359650705,"env":"development","version":"2.6.5","pid":40257,"toolName":"git_clear_working_dir","requestId":"F2P73-ZCJJX","timestamp":"2026-03-12T23:54:10.705Z","operation":"ToolRegistry.registerTool","msg":"Tool 'git_clear_working_dir' registered successfully."}
{"level":20,"time":1773359650705,"env":"development","version":"2.6.5","pid":40257,"toolName":"git_clone","requestId":"IPGGA-N4B35","timestamp":"2026-03-12T23:54:10.705Z","operation":"ToolRegistry.registerTool","msg":"Registering tool: 'git_clone'"}
{"level":30,"time":1773359650705,"env":"development","version":"2.6.5","pid":40257,"toolName":"git_clone","requestId":"IPGGA-N4B35","timestamp":"2026-03-12T23:54:10.705Z","operation":"ToolRegistry.registerTool","msg":"Tool 'git_clone' registered successfully."}
{"level":20,"time":1773359650705,"env":"development","version":"2.6.5","pid":40257,"toolName":"git_commit","requestId":"OGTWR-DP2DF","timestamp":"2026-03-12T23:54:10.705Z","operation":"ToolRegistry.registerTool","msg":"Registering tool: 'git_commit'"}
{"level":30,"time":1773359650705,"env":"development","version":"2.6.5","pid":40257,"toolName":"git_commit","requestId":"OGTWR-DP2DF","timestamp":"2026-03-12T23:54:10.705Z","operation":"ToolRegistry.registerTool","msg":"Tool 'git_commit' registered successfully."}
{"level":20,"time":1773359650705,"env":"development","version":"2.6.5","pid":40257,"toolName":"git_diff","requestId":"EY144-4WOMZ","timestamp":"2026-03-12T23:54:10.705Z","operation":"ToolRegistry.registerTool","msg":"Registering tool: 'git_diff'"}
{"level":30,"time":1773359650705,"env":"development","version":"2.6.5","pid":40257,"toolName":"git_diff","requestId":"EY144-4WOMZ","timestamp":"2026-03-12T23:54:10.705Z","operation":"ToolRegistry.registerTool","msg":"Tool 'git_diff' registered successfully."}
{"level":20,"time":1773359650705,"env":"development","version":"2.6.5","pid":40257,"toolName":"git_fetch","requestId":"C7OBD-YW3C4","timestamp":"2026-03-12T23:54:10.705Z","operation":"ToolRegistry.registerTool","msg":"Registering tool: 'git_fetch'"}
{"level":30,"time":1773359650705,"env":"development","version":"2.6.5","pid":40257,"toolName":"git_fetch","requestId":"C7OBD-YW3C4","timestamp":"2026-03-12T23:54:10.705Z","operation":"ToolRegistry.registerTool","msg":"Tool 'git_fetch' registered successfully."}
{"level":20,"time":1773359650705,"env":"development","version":"2.6.5","pid":40257,"toolName":"git_init","requestId":"8DR5F-NEHIW","timestamp":"2026-03-12T23:54:10.705Z","operation":"ToolRegistry.registerTool","msg":"Registering tool: 'git_init'"}
{"level":30,"time":1773359650705,"env":"development","version":"2.6.5","pid":40257,"toolName":"git_init","requestId":"8DR5F-NEHIW","timestamp":"2026-03-12T23:54:10.705Z","operation":"ToolRegistry.registerTool","msg":"Tool 'git_init' registered successfully."}
{"level":20,"time":1773359650705,"env":"development","version":"2.6.5","pid":40257,"toolName":"git_log","requestId":"3PF0U-QGEYO","timestamp":"2026-03-12T23:54:10.705Z","operation":"ToolRegistry.registerTool","msg":"Registering tool: 'git_log'"}
{"level":30,"time":1773359650705,"env":"development","version":"2.6.5","pid":40257,"toolName":"git_log","requestId":"3PF0U-QGEYO","timestamp":"2026-03-12T23:54:10.705Z","operation":"ToolRegistry.registerTool","msg":"Tool 'git_log' registered successfully."}
{"level":20,"time":1773359650705,"env":"development","version":"2.6.5","pid":40257,"toolName":"git_merge","requestId":"ASQ9O-KW61T","timestamp":"2026-03-12T23:54:10.705Z","operation":"ToolRegistry.registerTool","msg":"Registering tool: 'git_merge'"}
{"level":30,"time":1773359650705,"env":"development","version":"2.6.5","pid":40257,"toolName":"git_merge","requestId":"ASQ9O-KW61T","timestamp":"2026-03-12T23:54:10.705Z","operation":"ToolRegistry.registerTool","msg":"Tool 'git_merge' registered successfully."}
{"level":20,"time":1773359650705,"env":"development","version":"2.6.5","pid":40257,"toolName":"git_pull","requestId":"XFSXH-J714G","timestamp":"2026-03-12T23:54:10.705Z","operation":"ToolRegistry.registerTool","msg":"Registering tool: 'git_pull'"}
{"level":30,"time":1773359650705,"env":"development","version":"2.6.5","pid":40257,"toolName":"git_pull","requestId":"XFSXH-J714G","timestamp":"2026-03-12T23:54:10.705Z","operation":"ToolRegistry.registerTool","msg":"Tool 'git_pull' registered successfully."}
{"level":20,"time":1773359650705,"env":"development","version":"2.6.5","pid":40257,"toolName":"git_push","requestId":"NC9AG-79LHD","timestamp":"2026-03-12T23:54:10.705Z","operation":"ToolRegistry.registerTool","msg":"Registering tool: 'git_push'"}
{"level":30,"time":1773359650705,"env":"development","version":"2.6.5","pid":40257,"toolName":"git_push","requestId":"NC9AG-79LHD","timestamp":"2026-03-12T23:54:10.705Z","operation":"ToolRegistry.registerTool","msg":"Tool 'git_push' registered successfully."}
{"level":20,"time":1773359650705,"env":"development","version":"2.6.5","pid":40257,"toolName":"git_rebase","requestId":"4N34T-3GG3W","timestamp":"2026-03-12T23:54:10.705Z","operation":"ToolRegistry.registerTool","msg":"Registering tool: 'git_rebase'"}
{"level":30,"time":1773359650705,"env":"development","version":"2.6.5","pid":40257,"toolName":"git_rebase","requestId":"4N34T-3GG3W","timestamp":"2026-03-12T23:54:10.705Z","operation":"ToolRegistry.registerTool","msg":"Tool 'git_rebase' registered successfully."}
{"level":20,"time":1773359650705,"env":"development","version":"2.6.5","pid":40257,"toolName":"git_reflog","requestId":"KO4U9-C18V2","timestamp":"2026-03-12T23:54:10.705Z","operation":"ToolRegistry.registerTool","msg":"Registering tool: 'git_reflog'"}
{"level":30,"time":1773359650706,"env":"development","version":"2.6.5","pid":40257,"toolName":"git_reflog","requestId":"KO4U9-C18V2","timestamp":"2026-03-12T23:54:10.705Z","operation":"ToolRegistry.registerTool","msg":"Tool 'git_reflog' registered successfully."}
{"level":20,"time":1773359650706,"env":"development","version":"2.6.5","pid":40257,"toolName":"git_remote","requestId":"Q96I5-08K9X","timestamp":"2026-03-12T23:54:10.706Z","operation":"ToolRegistry.registerTool","msg":"Registering tool: 'git_remote'"}
{"level":30,"time":1773359650706,"env":"development","version":"2.6.5","pid":40257,"toolName":"git_remote","requestId":"Q96I5-08K9X","timestamp":"2026-03-12T23:54:10.706Z","operation":"ToolRegistry.registerTool","msg":"Tool 'git_remote' registered successfully."}
{"level":20,"time":1773359650706,"env":"development","version":"2.6.5","pid":40257,"toolName":"git_reset","requestId":"D19OC-WNB4J","timestamp":"2026-03-12T23:54:10.706Z","operation":"ToolRegistry.registerTool","msg":"Registering tool: 'git_reset'"}
{"level":30,"time":1773359650706,"env":"development","version":"2.6.5","pid":40257,"toolName":"git_reset","requestId":"D19OC-WNB4J","timestamp":"2026-03-12T23:54:10.706Z","operation":"ToolRegistry.registerTool","msg":"Tool 'git_reset' registered successfully."}
{"level":20,"time":1773359650706,"env":"development","version":"2.6.5","pid":40257,"toolName":"git_set_working_dir","requestId":"BC607-OJ0JQ","timestamp":"2026-03-12T23:54:10.706Z","operation":"ToolRegistry.registerTool","msg":"Registering tool: 'git_set_working_dir'"}
{"level":30,"time":1773359650706,"env":"development","version":"2.6.5","pid":40257,"toolName":"git_set_working_dir","requestId":"BC607-OJ0JQ","timestamp":"2026-03-12T23:54:10.706Z","operation":"ToolRegistry.registerTool","msg":"Tool 'git_set_working_dir' registered successfully."}
{"level":20,"time":1773359650706,"env":"development","version":"2.6.5","pid":40257,"toolName":"git_show","requestId":"C0Y6W-QWV61","timestamp":"2026-03-12T23:54:10.706Z","operation":"ToolRegistry.registerTool","msg":"Registering tool: 'git_show'"}
{"level":30,"time":1773359650706,"env":"development","version":"2.6.5","pid":40257,"toolName":"git_show","requestId":"C0Y6W-QWV61","timestamp":"2026-03-12T23:54:10.706Z","operation":"ToolRegistry.registerTool","msg":"Tool 'git_show' registered successfully."}
{"level":20,"time":1773359650706,"env":"development","version":"2.6.5","pid":40257,"toolName":"git_stash","requestId":"QGSAU-CZ7XE","timestamp":"2026-03-12T23:54:10.706Z","operation":"ToolRegistry.registerTool","msg":"Registering tool: 'git_stash'"}
{"level":30,"time":1773359650706,"env":"development","version":"2.6.5","pid":40257,"toolName":"git_stash","requestId":"QGSAU-CZ7XE","timestamp":"2026-03-12T23:54:10.706Z","operation":"ToolRegistry.registerTool","msg":"Tool 'git_stash' registered successfully."}
{"level":20,"time":1773359650706,"env":"development","version":"2.6.5","pid":40257,"toolName":"git_status","requestId":"GVBRA-VKEPE","timestamp":"2026-03-12T23:54:10.706Z","operation":"ToolRegistry.registerTool","msg":"Registering tool: 'git_status'"}
{"level":30,"time":1773359650706,"env":"development","version":"2.6.5","pid":40257,"toolName":"git_status","requestId":"GVBRA-VKEPE","timestamp":"2026-03-12T23:54:10.706Z","operation":"ToolRegistry.registerTool","msg":"Tool 'git_status' registered successfully."}
{"level":20,"time":1773359650706,"env":"development","version":"2.6.5","pid":40257,"toolName":"git_tag","requestId":"PA8LK-8IC9H","timestamp":"2026-03-12T23:54:10.706Z","operation":"ToolRegistry.registerTool","msg":"Registering tool: 'git_tag'"}
{"level":30,"time":1773359650706,"env":"development","version":"2.6.5","pid":40257,"toolName":"git_tag","requestId":"PA8LK-8IC9H","timestamp":"2026-03-12T23:54:10.706Z","operation":"ToolRegistry.registerTool","msg":"Tool 'git_tag' registered successfully."}
{"level":20,"time":1773359650706,"env":"development","version":"2.6.5","pid":40257,"toolName":"git_worktree","requestId":"UXDUX-26AM9","timestamp":"2026-03-12T23:54:10.706Z","operation":"ToolRegistry.registerTool","msg":"Registering tool: 'git_worktree'"}
{"level":30,"time":1773359650706,"env":"development","version":"2.6.5","pid":40257,"toolName":"git_worktree","requestId":"UXDUX-26AM9","timestamp":"2026-03-12T23:54:10.706Z","operation":"ToolRegistry.registerTool","msg":"Tool 'git_worktree' registered successfully."}
{"level":20,"time":1773359650706,"env":"development","version":"2.6.5","pid":40257,"toolName":"git_wrapup_instructions","requestId":"QWIIR-PIDFJ","timestamp":"2026-03-12T23:54:10.706Z","operation":"ToolRegistry.registerTool","msg":"Registering tool: 'git_wrapup_instructions'"}
{"level":30,"time":1773359650706,"env":"development","version":"2.6.5","pid":40257,"toolName":"git_wrapup_instructions","requestId":"QWIIR-PIDFJ","timestamp":"2026-03-12T23:54:10.706Z","operation":"ToolRegistry.registerTool","msg":"Tool 'git_wrapup_instructions' registered successfully."}
{"level":30,"time":1773359650706,"env":"development","version":"2.6.5","pid":40257,"requestId":"1QB37-TU6R4","timestamp":"2026-03-12T23:54:10.706Z","operation":"ResourceRegistry.registerAll","msg":"Registering 1 resource(s)..."}
{"level":30,"time":1773359650706,"env":"development","version":"2.6.5","pid":40257,"requestId":"YT2EZ-FMKRB","timestamp":"2026-03-12T23:54:10.706Z","resourceName":"git-working-directory","operation":"RegisterResource","msg":"Registering resource: 'git-working-directory'"}
{"level":30,"time":1773359650706,"env":"development","version":"2.6.5","pid":40257,"requestId":"YT2EZ-FMKRB","timestamp":"2026-03-12T23:54:10.706Z","resourceName":"git-working-directory","operation":"RegisterResource","msg":"Resource 'git-working-directory' registered successfully."}
{"level":20,"time":1773359650706,"env":"development","version":"2.6.5","pid":40257,"requestId":"LC1EX-0XJAD","timestamp":"2026-03-12T23:54:10.706Z","operation":"PromptRegistry.registerAll","msg":"Registering 1 prompts..."}
{"level":20,"time":1773359650706,"env":"development","version":"2.6.5","pid":40257,"requestId":"LC1EX-0XJAD","timestamp":"2026-03-12T23:54:10.706Z","operation":"PromptRegistry.registerAll","msg":"Registering prompt: git_wrapup"}
{"level":30,"time":1773359650706,"env":"development","version":"2.6.5","pid":40257,"requestId":"LC1EX-0XJAD","timestamp":"2026-03-12T23:54:10.706Z","operation":"PromptRegistry.registerAll","msg":"Registered prompt: git_wrapup"}
{"level":30,"time":1773359650706,"env":"development","version":"2.6.5","pid":40257,"requestId":"LC1EX-0XJAD","timestamp":"2026-03-12T23:54:10.706Z","operation":"PromptRegistry.registerAll","msg":"Successfully registered 1 prompts"}
{"level":20,"time":1773359650706,"env":"development","version":"2.6.5","pid":40257,"requestId":"JKJJB-QN3JO","timestamp":"2026-03-12T23:54:10.706Z","operation":"RootsRegistry.registerAll","msg":"Roots capability enabled (client-provided roots)"}
{"level":30,"time":1773359650706,"env":"development","version":"2.6.5","pid":40257,"requestId":"JKJJB-QN3JO","timestamp":"2026-03-12T23:54:10.706Z","operation":"RootsRegistry.registerAll","msg":"Roots capability registered successfully"}
{"level":30,"time":1773359650706,"env":"development","version":"2.6.5","pid":40257,"requestId":"MWG1Y-AAADZ","timestamp":"2026-03-12T23:54:10.702Z","operation":"createMcpServerInstance","msg":"All MCP capabilities registered successfully"}
{"level":30,"time":1773359650706,"env":"development","version":"2.6.5","pid":40257,"transport":"stdio","requestId":"68SZ9-I9CLP","timestamp":"2026-03-12T23:54:10.702Z","operation":"connectStdioTransport","transportType":"Stdio","msg":"Attempting to connect stdio transport..."}
{"level":20,"time":1773359650706,"env":"development","version":"2.6.5","pid":40257,"transport":"stdio","requestId":"68SZ9-I9CLP","timestamp":"2026-03-12T23:54:10.702Z","operation":"connectStdioTransport","transportType":"Stdio","msg":"Creating StdioServerTransport instance..."}
{"level":20,"time":1773359650706,"env":"development","version":"2.6.5","pid":40257,"transport":"stdio","requestId":"68SZ9-I9CLP","timestamp":"2026-03-12T23:54:10.702Z","operation":"connectStdioTransport","transportType":"Stdio","msg":"Connecting McpServer instance to StdioServerTransport..."}
{"level":30,"time":1773359650707,"env":"development","version":"2.6.5","pid":40257,"transport":"stdio","requestId":"68SZ9-I9CLP","timestamp":"2026-03-12T23:54:10.702Z","operation":"connectStdioTransport","transportType":"Stdio","msg":"MCP Server connected and listening via stdio transport."}
{"level":30,"time":1773359650707,"env":"development","version":"2.6.5","pid":40257,"applicationName":"@cyanheads/git-mcp-server","applicationVersion":"2.6.5","nodeEnvironment":"development","requestId":"YXLA1-NO7KA","timestamp":"2026-03-12T23:54:10.702Z","operation":"ServerStartup","msg":"@cyanheads/git-mcp-server is now running and ready."}
{"level":30,"time":1773359858282,"env":"development","version":"2.6.5","pid":43331,"requestId":"2P2BX-356VE","timestamp":"2026-03-12T23:57:38.281Z","operation":"loggerInit","msg":"Logger initialized. MCP level: debug."}
{"level":30,"time":1773359858282,"env":"development","version":"2.6.5","pid":43331,"requestId":"PV7PA-CJTZA","timestamp":"2026-03-12T23:57:38.282Z","operation":"LoggerInit","msg":"Logger initialized. Effective MCP logging level: debug."}
{"level":30,"time":1773359858282,"env":"development","version":"2.6.5","pid":43331,"runtime":"bun","runtimeVersion":"Bun 1.3.3","requestId":"Y2TFR-UHUI6","timestamp":"2026-03-12T23:57:38.282Z","operation":"RuntimeDetection","msg":"Runtime detected: Bun 1.3.3"}
{"level":30,"time":1773359858282,"env":"development","version":"2.6.5","pid":43331,"requestId":"1H4D8-QML5X","timestamp":"2026-03-12T23:57:38.282Z","operation":"StorageInit","msg":"Storage service initialized with provider: in-memory"}
{"level":30,"time":1773359858282,"env":"development","version":"2.6.5","pid":43331,"applicationName":"@cyanheads/git-mcp-server","applicationVersion":"2.6.5","nodeEnvironment":"development","requestId":"0QD7S-82ZBK","timestamp":"2026-03-12T23:57:38.282Z","operation":"ServerStartup","msg":"Starting @cyanheads/git-mcp-server (v2.6.5)..."}
{"level":30,"time":1773359858282,"env":"development","version":"2.6.5","pid":43331,"transport":"stdio","requestId":"8JKIM-HFHJK","timestamp":"2026-03-12T23:57:38.282Z","operation":"TransportManager.start","msg":"Starting transport: stdio"}
{"level":30,"time":1773359858282,"env":"development","version":"2.6.5","pid":43331,"requestId":"C0GHX-K7NGE","timestamp":"2026-03-12T23:57:38.282Z","operation":"createMcpServerInstance","msg":"Initializing MCP server instance"}
{"level":20,"time":1773359858282,"env":"development","version":"2.6.5","pid":43331,"requestId":"792TZ-6J7TO","timestamp":"2026-03-12T23:57:38.282Z","newConfigState":{"appName":"@cyanheads/git-mcp-server","appVersion":"2.6.5","environment":"development"},"operation":"RequestContextService.configure","msg":"RequestContextService configuration updated"}
{"level":20,"time":1773359858285,"env":"development","version":"2.6.5","pid":43331,"requestId":"C0GHX-K7NGE","timestamp":"2026-03-12T23:57:38.282Z","operation":"createMcpServerInstance","msg":"Registering all MCP capabilities via registries..."}
{"level":30,"time":1773359858285,"env":"development","version":"2.6.5","pid":43331,"requestId":"GMT2U-3LJ7E","timestamp":"2026-03-12T23:57:38.285Z","operation":"ToolRegistry.registerAll","msg":"Registering 27 tool(s)..."}
{"level":20,"time":1773359858285,"env":"development","version":"2.6.5","pid":43331,"toolName":"git_add","requestId":"A01YZ-IX5QG","timestamp":"2026-03-12T23:57:38.285Z","operation":"ToolRegistry.registerTool","msg":"Registering tool: 'git_add'"}
{"level":30,"time":1773359858285,"env":"development","version":"2.6.5","pid":43331,"toolName":"git_add","requestId":"A01YZ-IX5QG","timestamp":"2026-03-12T23:57:38.285Z","operation":"ToolRegistry.registerTool","msg":"Tool 'git_add' registered successfully."}
{"level":20,"time":1773359858285,"env":"development","version":"2.6.5","pid":43331,"toolName":"git_blame","requestId":"CY7OR-G2FTA","timestamp":"2026-03-12T23:57:38.285Z","operation":"ToolRegistry.registerTool","msg":"Registering tool: 'git_blame'"}
{"level":30,"time":1773359858285,"env":"development","version":"2.6.5","pid":43331,"toolName":"git_blame","requestId":"CY7OR-G2FTA","timestamp":"2026-03-12T23:57:38.285Z","operation":"ToolRegistry.registerTool","msg":"Tool 'git_blame' registered successfully."}
{"level":20,"time":1773359858285,"env":"development","version":"2.6.5","pid":43331,"toolName":"git_branch","requestId":"T1ZOS-PB0RN","timestamp":"2026-03-12T23:57:38.285Z","operation":"ToolRegistry.registerTool","msg":"Registering tool: 'git_branch'"}
{"level":30,"time":1773359858285,"env":"development","version":"2.6.5","pid":43331,"toolName":"git_branch","requestId":"T1ZOS-PB0RN","timestamp":"2026-03-12T23:57:38.285Z","operation":"ToolRegistry.registerTool","msg":"Tool 'git_branch' registered successfully."}
{"level":20,"time":1773359858285,"env":"development","version":"2.6.5","pid":43331,"toolName":"git_checkout","requestId":"E33K0-WK20C","timestamp":"2026-03-12T23:57:38.285Z","operation":"ToolRegistry.registerTool","msg":"Registering tool: 'git_checkout'"}
{"level":30,"time":1773359858285,"env":"development","version":"2.6.5","pid":43331,"toolName":"git_checkout","requestId":"E33K0-WK20C","timestamp":"2026-03-12T23:57:38.285Z","operation":"ToolRegistry.registerTool","msg":"Tool 'git_checkout' registered successfully."}
{"level":20,"time":1773359858285,"env":"development","version":"2.6.5","pid":43331,"toolName":"git_cherry_pick","requestId":"DBW1X-L8YZW","timestamp":"2026-03-12T23:57:38.285Z","operation":"ToolRegistry.registerTool","msg":"Registering tool: 'git_cherry_pick'"}
{"level":30,"time":1773359858285,"env":"development","version":"2.6.5","pid":43331,"toolName":"git_cherry_pick","requestId":"DBW1X-L8YZW","timestamp":"2026-03-12T23:57:38.285Z","operation":"ToolRegistry.registerTool","msg":"Tool 'git_cherry_pick' registered successfully."}
{"level":20,"time":1773359858285,"env":"development","version":"2.6.5","pid":43331,"toolName":"git_clean","requestId":"GVQSH-F0YQ5","timestamp":"2026-03-12T23:57:38.285Z","operation":"ToolRegistry.registerTool","msg":"Registering tool: 'git_clean'"}
{"level":30,"time":1773359858286,"env":"development","version":"2.6.5","pid":43331,"toolName":"git_clean","requestId":"GVQSH-F0YQ5","timestamp":"2026-03-12T23:57:38.285Z","operation":"ToolRegistry.registerTool","msg":"Tool 'git_clean' registered successfully."}
{"level":20,"time":1773359858286,"env":"development","version":"2.6.5","pid":43331,"toolName":"git_clear_working_dir","requestId":"5FW8X-2J1UT","timestamp":"2026-03-12T23:57:38.286Z","operation":"ToolRegistry.registerTool","msg":"Registering tool: 'git_clear_working_dir'"}
{"level":30,"time":1773359858286,"env":"development","version":"2.6.5","pid":43331,"toolName":"git_clear_working_dir","requestId":"5FW8X-2J1UT","timestamp":"2026-03-12T23:57:38.286Z","operation":"ToolRegistry.registerTool","msg":"Tool 'git_clear_working_dir' registered successfully."}
{"level":20,"time":1773359858286,"env":"development","version":"2.6.5","pid":43331,"toolName":"git_clone","requestId":"HSGMJ-S0XNI","timestamp":"2026-03-12T23:57:38.286Z","operation":"ToolRegistry.registerTool","msg":"Registering tool: 'git_clone'"}
{"level":30,"time":1773359858286,"env":"development","version":"2.6.5","pid":43331,"toolName":"git_clone","requestId":"HSGMJ-S0XNI","timestamp":"2026-03-12T23:57:38.286Z","operation":"ToolRegistry.registerTool","msg":"Tool 'git_clone' registered successfully."}
{"level":20,"time":1773359858286,"env":"development","version":"2.6.5","pid":43331,"toolName":"git_commit","requestId":"UVMKB-JIQWR","timestamp":"2026-03-12T23:57:38.286Z","operation":"ToolRegistry.registerTool","msg":"Registering tool: 'git_commit'"}
{"level":30,"time":1773359858286,"env":"development","version":"2.6.5","pid":43331,"toolName":"git_commit","requestId":"UVMKB-JIQWR","timestamp":"2026-03-12T23:57:38.286Z","operation":"ToolRegistry.registerTool","msg":"Tool 'git_commit' registered successfully."}
{"level":20,"time":1773359858286,"env":"development","version":"2.6.5","pid":43331,"toolName":"git_diff","requestId":"2TR46-KK9AI","timestamp":"2026-03-12T23:57:38.286Z","operation":"ToolRegistry.registerTool","msg":"Registering tool: 'git_diff'"}
{"level":30,"time":1773359858286,"env":"development","version":"2.6.5","pid":43331,"toolName":"git_diff","requestId":"2TR46-KK9AI","timestamp":"2026-03-12T23:57:38.286Z","operation":"ToolRegistry.registerTool","msg":"Tool 'git_diff' registered successfully."}
{"level":20,"time":1773359858286,"env":"development","version":"2.6.5","pid":43331,"toolName":"git_fetch","requestId":"1TN1C-OMSM0","timestamp":"2026-03-12T23:57:38.286Z","operation":"ToolRegistry.registerTool","msg":"Registering tool: 'git_fetch'"}
{"level":30,"time":1773359858286,"env":"development","version":"2.6.5","pid":43331,"toolName":"git_fetch","requestId":"1TN1C-OMSM0","timestamp":"2026-03-12T23:57:38.286Z","operation":"ToolRegistry.registerTool","msg":"Tool 'git_fetch' registered successfully."}
{"level":20,"time":1773359858286,"env":"development","version":"2.6.5","pid":43331,"toolName":"git_init","requestId":"ZO0WB-5J1J4","timestamp":"2026-03-12T23:57:38.286Z","operation":"ToolRegistry.registerTool","msg":"Registering tool: 'git_init'"}
{"level":30,"time":1773359858286,"env":"development","version":"2.6.5","pid":43331,"toolName":"git_init","requestId":"ZO0WB-5J1J4","timestamp":"2026-03-12T23:57:38.286Z","operation":"ToolRegistry.registerTool","msg":"Tool 'git_init' registered successfully."}
{"level":20,"time":1773359858286,"env":"development","version":"2.6.5","pid":43331,"toolName":"git_log","requestId":"CTCRZ-IAQLV","timestamp":"2026-03-12T23:57:38.286Z","operation":"ToolRegistry.registerTool","msg":"Registering tool: 'git_log'"}
{"level":30,"time":1773359858286,"env":"development","version":"2.6.5","pid":43331,"toolName":"git_log","requestId":"CTCRZ-IAQLV","timestamp":"2026-03-12T23:57:38.286Z","operation":"ToolRegistry.registerTool","msg":"Tool 'git_log' registered successfully."}
{"level":20,"time":1773359858286,"env":"development","version":"2.6.5","pid":43331,"toolName":"git_merge","requestId":"19OJ2-PGLPP","timestamp":"2026-03-12T23:57:38.286Z","operation":"ToolRegistry.registerTool","msg":"Registering tool: 'git_merge'"}
{"level":30,"time":1773359858286,"env":"development","version":"2.6.5","pid":43331,"toolName":"git_merge","requestId":"19OJ2-PGLPP","timestamp":"2026-03-12T23:57:38.286Z","operation":"ToolRegistry.registerTool","msg":"Tool 'git_merge' registered successfully."}
{"level":20,"time":1773359858286,"env":"development","version":"2.6.5","pid":43331,"toolName":"git_pull","requestId":"KY8KF-JA25B","timestamp":"2026-03-12T23:57:38.286Z","operation":"ToolRegistry.registerTool","msg":"Registering tool: 'git_pull'"}
{"level":30,"time":1773359858286,"env":"development","version":"2.6.5","pid":43331,"toolName":"git_pull","requestId":"KY8KF-JA25B","timestamp":"2026-03-12T23:57:38.286Z","operation":"ToolRegistry.registerTool","msg":"Tool 'git_pull' registered successfully."}
{"level":20,"time":1773359858286,"env":"development","version":"2.6.5","pid":43331,"toolName":"git_push","requestId":"BWZB1-0OKCY","timestamp":"2026-03-12T23:57:38.286Z","operation":"ToolRegistry.registerTool","msg":"Registering tool: 'git_push'"}
{"level":30,"time":1773359858286,"env":"development","version":"2.6.5","pid":43331,"toolName":"git_push","requestId":"BWZB1-0OKCY","timestamp":"2026-03-12T23:57:38.286Z","operation":"ToolRegistry.registerTool","msg":"Tool 'git_push' registered successfully."}
{"level":20,"time":1773359858286,"env":"development","version":"2.6.5","pid":43331,"toolName":"git_rebase","requestId":"Z14VX-59MYW","timestamp":"2026-03-12T23:57:38.286Z","operation":"ToolRegistry.registerTool","msg":"Registering tool: 'git_rebase'"}
{"level":30,"time":1773359858286,"env":"development","version":"2.6.5","pid":43331,"toolName":"git_rebase","requestId":"Z14VX-59MYW","timestamp":"2026-03-12T23:57:38.286Z","operation":"ToolRegistry.registerTool","msg":"Tool 'git_rebase' registered successfully."}
{"level":20,"time":1773359858286,"env":"development","version":"2.6.5","pid":43331,"toolName":"git_reflog","requestId":"2E78S-OD38P","timestamp":"2026-03-12T23:57:38.286Z","operation":"ToolRegistry.registerTool","msg":"Registering tool: 'git_reflog'"}
{"level":30,"time":1773359858286,"env":"development","version":"2.6.5","pid":43331,"toolName":"git_reflog","requestId":"2E78S-OD38P","timestamp":"2026-03-12T23:57:38.286Z","operation":"ToolRegistry.registerTool","msg":"Tool 'git_reflog' registered successfully."}
{"level":20,"time":1773359858286,"env":"development","version":"2.6.5","pid":43331,"toolName":"git_remote","requestId":"VKQY7-Q3DOJ","timestamp":"2026-03-12T23:57:38.286Z","operation":"ToolRegistry.registerTool","msg":"Registering tool: 'git_remote'"}
{"level":30,"time":1773359858286,"env":"development","version":"2.6.5","pid":43331,"toolName":"git_remote","requestId":"VKQY7-Q3DOJ","timestamp":"2026-03-12T23:57:38.286Z","operation":"ToolRegistry.registerTool","msg":"Tool 'git_remote' registered successfully."}
{"level":20,"time":1773359858286,"env":"development","version":"2.6.5","pid":43331,"toolName":"git_reset","requestId":"T3TFK-PEF57","timestamp":"2026-03-12T23:57:38.286Z","operation":"ToolRegistry.registerTool","msg":"Registering tool: 'git_reset'"}
{"level":30,"time":1773359858286,"env":"development","version":"2.6.5","pid":43331,"toolName":"git_reset","requestId":"T3TFK-PEF57","timestamp":"2026-03-12T23:57:38.286Z","operation":"ToolRegistry.registerTool","msg":"Tool 'git_reset' registered successfully."}
{"level":20,"time":1773359858286,"env":"development","version":"2.6.5","pid":43331,"toolName":"git_set_working_dir","requestId":"5H0LH-AEAID","timestamp":"2026-03-12T23:57:38.286Z","operation":"ToolRegistry.registerTool","msg":"Registering tool: 'git_set_working_dir'"}
{"level":30,"time":1773359858286,"env":"development","version":"2.6.5","pid":43331,"toolName":"git_set_working_dir","requestId":"5H0LH-AEAID","timestamp":"2026-03-12T23:57:38.286Z","operation":"ToolRegistry.registerTool","msg":"Tool 'git_set_working_dir' registered successfully."}
{"level":20,"time":1773359858286,"env":"development","version":"2.6.5","pid":43331,"toolName":"git_show","requestId":"CJZ0A-373VH","timestamp":"2026-03-12T23:57:38.286Z","operation":"ToolRegistry.registerTool","msg":"Registering tool: 'git_show'"}
{"level":30,"time":1773359858286,"env":"development","version":"2.6.5","pid":43331,"toolName":"git_show","requestId":"CJZ0A-373VH","timestamp":"2026-03-12T23:57:38.286Z","operation":"ToolRegistry.registerTool","msg":"Tool 'git_show' registered successfully."}
{"level":20,"time":1773359858286,"env":"development","version":"2.6.5","pid":43331,"toolName":"git_stash","requestId":"5TR3X-095TW","timestamp":"2026-03-12T23:57:38.286Z","operation":"ToolRegistry.registerTool","msg":"Registering tool: 'git_stash'"}
{"level":30,"time":1773359858286,"env":"development","version":"2.6.5","pid":43331,"toolName":"git_stash","requestId":"5TR3X-095TW","timestamp":"2026-03-12T23:57:38.286Z","operation":"ToolRegistry.registerTool","msg":"Tool 'git_stash' registered successfully."}
{"level":20,"time":1773359858286,"env":"development","version":"2.6.5","pid":43331,"toolName":"git_status","requestId":"3QJEY-XUJA0","timestamp":"2026-03-12T23:57:38.286Z","operation":"ToolRegistry.registerTool","msg":"Registering tool: 'git_status'"}
{"level":30,"time":1773359858286,"env":"development","version":"2.6.5","pid":43331,"toolName":"git_status","requestId":"3QJEY-XUJA0","timestamp":"2026-03-12T23:57:38.286Z","operation":"ToolRegistry.registerTool","msg":"Tool 'git_status' registered successfully."}
{"level":20,"time":1773359858286,"env":"development","version":"2.6.5","pid":43331,"toolName":"git_tag","requestId":"QVMSL-B9R4S","timestamp":"2026-03-12T23:57:38.286Z","operation":"ToolRegistry.registerTool","msg":"Registering tool: 'git_tag'"}
{"level":30,"time":1773359858286,"env":"development","version":"2.6.5","pid":43331,"toolName":"git_tag","requestId":"QVMSL-B9R4S","timestamp":"2026-03-12T23:57:38.286Z","operation":"ToolRegistry.registerTool","msg":"Tool 'git_tag' registered successfully."}
{"level":20,"time":1773359858286,"env":"development","version":"2.6.5","pid":43331,"toolName":"git_worktree","requestId":"368YR-5MIBB","timestamp":"2026-03-12T23:57:38.286Z","operation":"ToolRegistry.registerTool","msg":"Registering tool: 'git_worktree'"}
{"level":30,"time":1773359858286,"env":"development","version":"2.6.5","pid":43331,"toolName":"git_worktree","requestId":"368YR-5MIBB","timestamp":"2026-03-12T23:57:38.286Z","operation":"ToolRegistry.registerTool","msg":"Tool 'git_worktree' registered successfully."}
{"level":20,"time":1773359858286,"env":"development","version":"2.6.5","pid":43331,"toolName":"git_wrapup_instructions","requestId":"2TEXH-78ZD1","timestamp":"2026-03-12T23:57:38.286Z","operation":"ToolRegistry.registerTool","msg":"Registering tool: 'git_wrapup_instructions'"}
{"level":30,"time":1773359858286,"env":"development","version":"2.6.5","pid":43331,"toolName":"git_wrapup_instructions","requestId":"2TEXH-78ZD1","timestamp":"2026-03-12T23:57:38.286Z","operation":"ToolRegistry.registerTool","msg":"Tool 'git_wrapup_instructions' registered successfully."}
{"level":30,"time":1773359858286,"env":"development","version":"2.6.5","pid":43331,"requestId":"S2F1T-7TSYB","timestamp":"2026-03-12T23:57:38.286Z","operation":"ResourceRegistry.registerAll","msg":"Registering 1 resource(s)..."}
{"level":30,"time":1773359858286,"env":"development","version":"2.6.5","pid":43331,"requestId":"8MX8T-KPANC","timestamp":"2026-03-12T23:57:38.286Z","resourceName":"git-working-directory","operation":"RegisterResource","msg":"Registering resource: 'git-working-directory'"}
{"level":30,"time":1773359858286,"env":"development","version":"2.6.5","pid":43331,"requestId":"8MX8T-KPANC","timestamp":"2026-03-12T23:57:38.286Z","resourceName":"git-working-directory","operation":"RegisterResource","msg":"Resource 'git-working-directory' registered successfully."}
{"level":20,"time":1773359858287,"env":"development","version":"2.6.5","pid":43331,"requestId":"7U5JS-5U5LK","timestamp":"2026-03-12T23:57:38.287Z","operation":"PromptRegistry.registerAll","msg":"Registering 1 prompts..."}
{"level":20,"time":1773359858287,"env":"development","version":"2.6.5","pid":43331,"requestId":"7U5JS-5U5LK","timestamp":"2026-03-12T23:57:38.287Z","operation":"PromptRegistry.registerAll","msg":"Registering prompt: git_wrapup"}
{"level":30,"time":1773359858287,"env":"development","version":"2.6.5","pid":43331,"requestId":"7U5JS-5U5LK","timestamp":"2026-03-12T23:57:38.287Z","operation":"PromptRegistry.registerAll","msg":"Registered prompt: git_wrapup"}
{"level":30,"time":1773359858287,"env":"development","version":"2.6.5","pid":43331,"requestId":"7U5JS-5U5LK","timestamp":"2026-03-12T23:57:38.287Z","operation":"PromptRegistry.registerAll","msg":"Successfully registered 1 prompts"}
{"level":20,"time":1773359858287,"env":"development","version":"2.6.5","pid":43331,"requestId":"VGKSO-JTFNT","timestamp":"2026-03-12T23:57:38.287Z","operation":"RootsRegistry.registerAll","msg":"Roots capability enabled (client-provided roots)"}
{"level":30,"time":1773359858287,"env":"development","version":"2.6.5","pid":43331,"requestId":"VGKSO-JTFNT","timestamp":"2026-03-12T23:57:38.287Z","operation":"RootsRegistry.registerAll","msg":"Roots capability registered successfully"}
{"level":30,"time":1773359858287,"env":"development","version":"2.6.5","pid":43331,"requestId":"C0GHX-K7NGE","timestamp":"2026-03-12T23:57:38.282Z","operation":"createMcpServerInstance","msg":"All MCP capabilities registered successfully"}
{"level":30,"time":1773359858287,"env":"development","version":"2.6.5","pid":43331,"transport":"stdio","requestId":"8JKIM-HFHJK","timestamp":"2026-03-12T23:57:38.282Z","operation":"connectStdioTransport","transportType":"Stdio","msg":"Attempting to connect stdio transport..."}
{"level":20,"time":1773359858287,"env":"development","version":"2.6.5","pid":43331,"transport":"stdio","requestId":"8JKIM-HFHJK","timestamp":"2026-03-12T23:57:38.282Z","operation":"connectStdioTransport","transportType":"Stdio","msg":"Creating StdioServerTransport instance..."}
{"level":20,"time":1773359858287,"env":"development","version":"2.6.5","pid":43331,"transport":"stdio","requestId":"8JKIM-HFHJK","timestamp":"2026-03-12T23:57:38.282Z","operation":"connectStdioTransport","transportType":"Stdio","msg":"Connecting McpServer instance to StdioServerTransport..."}
{"level":30,"time":1773359858288,"env":"development","version":"2.6.5","pid":43331,"transport":"stdio","requestId":"8JKIM-HFHJK","timestamp":"2026-03-12T23:57:38.282Z","operation":"connectStdioTransport","transportType":"Stdio","msg":"MCP Server connected and listening via stdio transport."}
{"level":30,"time":1773359858288,"env":"development","version":"2.6.5","pid":43331,"applicationName":"@cyanheads/git-mcp-server","applicationVersion":"2.6.5","nodeEnvironment":"development","requestId":"0QD7S-82ZBK","timestamp":"2026-03-12T23:57:38.282Z","operation":"ServerStartup","msg":"@cyanheads/git-mcp-server is now running and ready."}
{"level":30,"time":1773360586763,"env":"development","version":"2.6.5","pid":44267,"requestId":"2YQHT-DZQ06","timestamp":"2026-03-13T00:09:46.762Z","operation":"loggerInit","msg":"Logger initialized. MCP level: debug."}
{"level":30,"time":1773360586763,"env":"development","version":"2.6.5","pid":44267,"requestId":"9BMW7-A3PXQ","timestamp":"2026-03-13T00:09:46.763Z","operation":"LoggerInit","msg":"Logger initialized. Effective MCP logging level: debug."}
{"level":30,"time":1773360586763,"env":"development","version":"2.6.5","pid":44267,"runtime":"bun","runtimeVersion":"Bun 1.3.3","requestId":"0UYOU-0QH1J","timestamp":"2026-03-13T00:09:46.763Z","operation":"RuntimeDetection","msg":"Runtime detected: Bun 1.3.3"}
{"level":30,"time":1773360586763,"env":"development","version":"2.6.5","pid":44267,"requestId":"IAZHF-KX2YD","timestamp":"2026-03-13T00:09:46.763Z","operation":"StorageInit","msg":"Storage service initialized with provider: in-memory"}
{"level":30,"time":1773360586763,"env":"development","version":"2.6.5","pid":44267,"applicationName":"@cyanheads/git-mcp-server","applicationVersion":"2.6.5","nodeEnvironment":"development","requestId":"80R0E-9DGBF","timestamp":"2026-03-13T00:09:46.763Z","operation":"ServerStartup","msg":"Starting @cyanheads/git-mcp-server (v2.6.5)..."}
{"level":30,"time":1773360586763,"env":"development","version":"2.6.5","pid":44267,"transport":"stdio","requestId":"LEDD7-KP4IT","timestamp":"2026-03-13T00:09:46.763Z","operation":"TransportManager.start","msg":"Starting transport: stdio"}
{"level":30,"time":1773360586763,"env":"development","version":"2.6.5","pid":44267,"requestId":"YJV91-7RPS2","timestamp":"2026-03-13T00:09:46.763Z","operation":"createMcpServerInstance","msg":"Initializing MCP server instance"}
{"level":20,"time":1773360586763,"env":"development","version":"2.6.5","pid":44267,"requestId":"EM08B-3CMMD","timestamp":"2026-03-13T00:09:46.763Z","newConfigState":{"appName":"@cyanheads/git-mcp-server","appVersion":"2.6.5","environment":"development"},"operation":"RequestContextService.configure","msg":"RequestContextService configuration updated"}
{"level":20,"time":1773360586765,"env":"development","version":"2.6.5","pid":44267,"requestId":"YJV91-7RPS2","timestamp":"2026-03-13T00:09:46.763Z","operation":"createMcpServerInstance","msg":"Registering all MCP capabilities via registries..."}
{"level":30,"time":1773360586766,"env":"development","version":"2.6.5","pid":44267,"requestId":"A247U-GT4XV","timestamp":"2026-03-13T00:09:46.766Z","operation":"ToolRegistry.registerAll","msg":"Registering 27 tool(s)..."}
{"level":20,"time":1773360586766,"env":"development","version":"2.6.5","pid":44267,"toolName":"git_add","requestId":"08MMD-1QVVD","timestamp":"2026-03-13T00:09:46.766Z","operation":"ToolRegistry.registerTool","msg":"Registering tool: 'git_add'"}
{"level":30,"time":1773360586766,"env":"development","version":"2.6.5","pid":44267,"toolName":"git_add","requestId":"08MMD-1QVVD","timestamp":"2026-03-13T00:09:46.766Z","operation":"ToolRegistry.registerTool","msg":"Tool 'git_add' registered successfully."}
{"level":20,"time":1773360586766,"env":"development","version":"2.6.5","pid":44267,"toolName":"git_blame","requestId":"SW9SG-Q4O42","timestamp":"2026-03-13T00:09:46.766Z","operation":"ToolRegistry.registerTool","msg":"Registering tool: 'git_blame'"}
{"level":30,"time":1773360586766,"env":"development","version":"2.6.5","pid":44267,"toolName":"git_blame","requestId":"SW9SG-Q4O42","timestamp":"2026-03-13T00:09:46.766Z","operation":"ToolRegistry.registerTool","msg":"Tool 'git_blame' registered successfully."}
{"level":20,"time":1773360586766,"env":"development","version":"2.6.5","pid":44267,"toolName":"git_branch","requestId":"NHM61-GU5G5","timestamp":"2026-03-13T00:09:46.766Z","operation":"ToolRegistry.registerTool","msg":"Registering tool: 'git_branch'"}
{"level":30,"time":1773360586766,"env":"development","version":"2.6.5","pid":44267,"toolName":"git_branch","requestId":"NHM61-GU5G5","timestamp":"2026-03-13T00:09:46.766Z","operation":"ToolRegistry.registerTool","msg":"Tool 'git_branch' registered successfully."}
{"level":20,"time":1773360586766,"env":"development","version":"2.6.5","pid":44267,"toolName":"git_checkout","requestId":"DAAIX-3Q7U6","timestamp":"2026-03-13T00:09:46.766Z","operation":"ToolRegistry.registerTool","msg":"Registering tool: 'git_checkout'"}
{"level":30,"time":1773360586766,"env":"development","version":"2.6.5","pid":44267,"toolName":"git_checkout","requestId":"DAAIX-3Q7U6","timestamp":"2026-03-13T00:09:46.766Z","operation":"ToolRegistry.registerTool","msg":"Tool 'git_checkout' registered successfully."}
{"level":20,"time":1773360586766,"env":"development","version":"2.6.5","pid":44267,"toolName":"git_cherry_pick","requestId":"2GQQW-RRM9Q","timestamp":"2026-03-13T00:09:46.766Z","operation":"ToolRegistry.registerTool","msg":"Registering tool: 'git_cherry_pick'"}
{"level":30,"time":1773360586766,"env":"development","version":"2.6.5","pid":44267,"toolName":"git_cherry_pick","requestId":"2GQQW-RRM9Q","timestamp":"2026-03-13T00:09:46.766Z","operation":"ToolRegistry.registerTool","msg":"Tool 'git_cherry_pick' registered successfully."}
{"level":20,"time":1773360586766,"env":"development","version":"2.6.5","pid":44267,"toolName":"git_clean","requestId":"SXWQE-FYAK3","timestamp":"2026-03-13T00:09:46.766Z","operation":"ToolRegistry.registerTool","msg":"Registering tool: 'git_clean'"}
{"level":30,"time":1773360586766,"env":"development","version":"2.6.5","pid":44267,"toolName":"git_clean","requestId":"SXWQE-FYAK3","timestamp":"2026-03-13T00:09:46.766Z","operation":"ToolRegistry.registerTool","msg":"Tool 'git_clean' registered successfully."}
{"level":20,"time":1773360586766,"env":"development","version":"2.6.5","pid":44267,"toolName":"git_clear_working_dir","requestId":"0BKPZ-GXI7F","timestamp":"2026-03-13T00:09:46.766Z","operation":"ToolRegistry.registerTool","msg":"Registering tool: 'git_clear_working_dir'"}
{"level":30,"time":1773360586766,"env":"development","version":"2.6.5","pid":44267,"toolName":"git_clear_working_dir","requestId":"0BKPZ-GXI7F","timestamp":"2026-03-13T00:09:46.766Z","operation":"ToolRegistry.registerTool","msg":"Tool 'git_clear_working_dir' registered successfully."}
{"level":20,"time":1773360586766,"env":"development","version":"2.6.5","pid":44267,"toolName":"git_clone","requestId":"O1L06-DRT1B","timestamp":"2026-03-13T00:09:46.766Z","operation":"ToolRegistry.registerTool","msg":"Registering tool: 'git_clone'"}
{"level":30,"time":1773360586766,"env":"development","version":"2.6.5","pid":44267,"toolName":"git_clone","requestId":"O1L06-DRT1B","timestamp":"2026-03-13T00:09:46.766Z","operation":"ToolRegistry.registerTool","msg":"Tool 'git_clone' registered successfully."}
{"level":20,"time":1773360586766,"env":"development","version":"2.6.5","pid":44267,"toolName":"git_commit","requestId":"G48VQ-V0ZQW","timestamp":"2026-03-13T00:09:46.766Z","operation":"ToolRegistry.registerTool","msg":"Registering tool: 'git_commit'"}
{"level":30,"time":1773360586766,"env":"development","version":"2.6.5","pid":44267,"toolName":"git_commit","requestId":"G48VQ-V0ZQW","timestamp":"2026-03-13T00:09:46.766Z","operation":"ToolRegistry.registerTool","msg":"Tool 'git_commit' registered successfully."}
{"level":20,"time":1773360586766,"env":"development","version":"2.6.5","pid":44267,"toolName":"git_diff","requestId":"25M86-AHCG5","timestamp":"2026-03-13T00:09:46.766Z","operation":"ToolRegistry.registerTool","msg":"Registering tool: 'git_diff'"}
{"level":30,"time":1773360586766,"env":"development","version":"2.6.5","pid":44267,"toolName":"git_diff","requestId":"25M86-AHCG5","timestamp":"2026-03-13T00:09:46.766Z","operation":"ToolRegistry.registerTool","msg":"Tool 'git_diff' registered successfully."}
{"level":20,"time":1773360586766,"env":"development","version":"2.6.5","pid":44267,"toolName":"git_fetch","requestId":"07BZH-7OO0P","timestamp":"2026-03-13T00:09:46.766Z","operation":"ToolRegistry.registerTool","msg":"Registering tool: 'git_fetch'"}
{"level":30,"time":1773360586766,"env":"development","version":"2.6.5","pid":44267,"toolName":"git_fetch","requestId":"07BZH-7OO0P","timestamp":"2026-03-13T00:09:46.766Z","operation":"ToolRegistry.registerTool","msg":"Tool 'git_fetch' registered successfully."}
{"level":20,"time":1773360586766,"env":"development","version":"2.6.5","pid":44267,"toolName":"git_init","requestId":"G7MPD-AGNI5","timestamp":"2026-03-13T00:09:46.766Z","operation":"ToolRegistry.registerTool","msg":"Registering tool: 'git_init'"}
{"level":30,"time":1773360586766,"env":"development","version":"2.6.5","pid":44267,"toolName":"git_init","requestId":"G7MPD-AGNI5","timestamp":"2026-03-13T00:09:46.766Z","operation":"ToolRegistry.registerTool","msg":"Tool 'git_init' registered successfully."}
{"level":20,"time":1773360586766,"env":"development","version":"2.6.5","pid":44267,"toolName":"git_log","requestId":"D37HF-T28LO","timestamp":"2026-03-13T00:09:46.766Z","operation":"ToolRegistry.registerTool","msg":"Registering tool: 'git_log'"}
{"level":30,"time":1773360586766,"env":"development","version":"2.6.5","pid":44267,"toolName":"git_log","requestId":"D37HF-T28LO","timestamp":"2026-03-13T00:09:46.766Z","operation":"ToolRegistry.registerTool","msg":"Tool 'git_log' registered successfully."}
{"level":20,"time":1773360586766,"env":"development","version":"2.6.5","pid":44267,"toolName":"git_merge","requestId":"S9ZVC-R2VQQ","timestamp":"2026-03-13T00:09:46.766Z","operation":"ToolRegistry.registerTool","msg":"Registering tool: 'git_merge'"}
{"level":30,"time":1773360586766,"env":"development","version":"2.6.5","pid":44267,"toolName":"git_merge","requestId":"S9ZVC-R2VQQ","timestamp":"2026-03-13T00:09:46.766Z","operation":"ToolRegistry.registerTool","msg":"Tool 'git_merge' registered successfully."}
{"level":20,"time":1773360586766,"env":"development","version":"2.6.5","pid":44267,"toolName":"git_pull","requestId":"VRS3S-97UHD","timestamp":"2026-03-13T00:09:46.766Z","operation":"ToolRegistry.registerTool","msg":"Registering tool: 'git_pull'"}
{"level":30,"time":1773360586766,"env":"development","version":"2.6.5","pid":44267,"toolName":"git_pull","requestId":"VRS3S-97UHD","timestamp":"2026-03-13T00:09:46.766Z","operation":"ToolRegistry.registerTool","msg":"Tool 'git_pull' registered successfully."}
{"level":20,"time":1773360586766,"env":"development","version":"2.6.5","pid":44267,"toolName":"git_push","requestId":"NCDKC-OGHSZ","timestamp":"2026-03-13T00:09:46.766Z","operation":"ToolRegistry.registerTool","msg":"Registering tool: 'git_push'"}
{"level":30,"time":1773360586766,"env":"development","version":"2.6.5","pid":44267,"toolName":"git_push","requestId":"NCDKC-OGHSZ","timestamp":"2026-03-13T00:09:46.766Z","operation":"ToolRegistry.registerTool","msg":"Tool 'git_push' registered successfully."}
{"level":20,"time":1773360586766,"env":"development","version":"2.6.5","pid":44267,"toolName":"git_rebase","requestId":"12Q49-EQ96M","timestamp":"2026-03-13T00:09:46.766Z","operation":"ToolRegistry.registerTool","msg":"Registering tool: 'git_rebase'"}
{"level":30,"time":1773360586766,"env":"development","version":"2.6.5","pid":44267,"toolName":"git_rebase","requestId":"12Q49-EQ96M","timestamp":"2026-03-13T00:09:46.766Z","operation":"ToolRegistry.registerTool","msg":"Tool 'git_rebase' registered successfully."}
{"level":20,"time":1773360586766,"env":"development","version":"2.6.5","pid":44267,"toolName":"git_reflog","requestId":"5WXKQ-B3WB0","timestamp":"2026-03-13T00:09:46.766Z","operation":"ToolRegistry.registerTool","msg":"Registering tool: 'git_reflog'"}
{"level":30,"time":1773360586766,"env":"development","version":"2.6.5","pid":44267,"toolName":"git_reflog","requestId":"5WXKQ-B3WB0","timestamp":"2026-03-13T00:09:46.766Z","operation":"ToolRegistry.registerTool","msg":"Tool 'git_reflog' registered successfully."}
{"level":20,"time":1773360586767,"env":"development","version":"2.6.5","pid":44267,"toolName":"git_remote","requestId":"NG1G9-K4YUI","timestamp":"2026-03-13T00:09:46.767Z","operation":"ToolRegistry.registerTool","msg":"Registering tool: 'git_remote'"}
{"level":30,"time":1773360586767,"env":"development","version":"2.6.5","pid":44267,"toolName":"git_remote","requestId":"NG1G9-K4YUI","timestamp":"2026-03-13T00:09:46.767Z","operation":"ToolRegistry.registerTool","msg":"Tool 'git_remote' registered successfully."}
{"level":20,"time":1773360586767,"env":"development","version":"2.6.5","pid":44267,"toolName":"git_reset","requestId":"YQP6M-C3FWO","timestamp":"2026-03-13T00:09:46.767Z","operation":"ToolRegistry.registerTool","msg":"Registering tool: 'git_reset'"}
{"level":30,"time":1773360586767,"env":"development","version":"2.6.5","pid":44267,"toolName":"git_reset","requestId":"YQP6M-C3FWO","timestamp":"2026-03-13T00:09:46.767Z","operation":"ToolRegistry.registerTool","msg":"Tool 'git_reset' registered successfully."}
{"level":20,"time":1773360586767,"env":"development","version":"2.6.5","pid":44267,"toolName":"git_set_working_dir","requestId":"C0AGF-GW8P9","timestamp":"2026-03-13T00:09:46.767Z","operation":"ToolRegistry.registerTool","msg":"Registering tool: 'git_set_working_dir'"}
{"level":30,"time":1773360586767,"env":"development","version":"2.6.5","pid":44267,"toolName":"git_set_working_dir","requestId":"C0AGF-GW8P9","timestamp":"2026-03-13T00:09:46.767Z","operation":"ToolRegistry.registerTool","msg":"Tool 'git_set_working_dir' registered successfully."}
{"level":20,"time":1773360586767,"env":"development","version":"2.6.5","pid":44267,"toolName":"git_show","requestId":"GPZZK-BUQXD","timestamp":"2026-03-13T00:09:46.767Z","operation":"ToolRegistry.registerTool","msg":"Registering tool: 'git_show'"}
{"level":30,"time":1773360586767,"env":"development","version":"2.6.5","pid":44267,"toolName":"git_show","requestId":"GPZZK-BUQXD","timestamp":"2026-03-13T00:09:46.767Z","operation":"ToolRegistry.registerTool","msg":"Tool 'git_show' registered successfully."}
{"level":20,"time":1773360586767,"env":"development","version":"2.6.5","pid":44267,"toolName":"git_stash","requestId":"Q85T7-ECU0F","timestamp":"2026-03-13T00:09:46.767Z","operation":"ToolRegistry.registerTool","msg":"Registering tool: 'git_stash'"}
{"level":30,"time":1773360586767,"env":"development","version":"2.6.5","pid":44267,"toolName":"git_stash","requestId":"Q85T7-ECU0F","timestamp":"2026-03-13T00:09:46.767Z","operation":"ToolRegistry.registerTool","msg":"Tool 'git_stash' registered successfully."}
{"level":20,"time":1773360586767,"env":"development","version":"2.6.5","pid":44267,"toolName":"git_status","requestId":"3XA10-CB4JG","timestamp":"2026-03-13T00:09:46.767Z","operation":"ToolRegistry.registerTool","msg":"Registering tool: 'git_status'"}
{"level":30,"time":1773360586767,"env":"development","version":"2.6.5","pid":44267,"toolName":"git_status","requestId":"3XA10-CB4JG","timestamp":"2026-03-13T00:09:46.767Z","operation":"ToolRegistry.registerTool","msg":"Tool 'git_status' registered successfully."}
{"level":20,"time":1773360586767,"env":"development","version":"2.6.5","pid":44267,"toolName":"git_tag","requestId":"M3G9F-6ZRD1","timestamp":"2026-03-13T00:09:46.767Z","operation":"ToolRegistry.registerTool","msg":"Registering tool: 'git_tag'"}
{"level":30,"time":1773360586767,"env":"development","version":"2.6.5","pid":44267,"toolName":"git_tag","requestId":"M3G9F-6ZRD1","timestamp":"2026-03-13T00:09:46.767Z","operation":"ToolRegistry.registerTool","msg":"Tool 'git_tag' registered successfully."}
{"level":20,"time":1773360586767,"env":"development","version":"2.6.5","pid":44267,"toolName":"git_worktree","requestId":"AT32S-Q908T","timestamp":"2026-03-13T00:09:46.767Z","operation":"ToolRegistry.registerTool","msg":"Registering tool: 'git_worktree'"}
{"level":30,"time":1773360586767,"env":"development","version":"2.6.5","pid":44267,"toolName":"git_worktree","requestId":"AT32S-Q908T","timestamp":"2026-03-13T00:09:46.767Z","operation":"ToolRegistry.registerTool","msg":"Tool 'git_worktree' registered successfully."}
{"level":20,"time":1773360586767,"env":"development","version":"2.6.5","pid":44267,"toolName":"git_wrapup_instructions","requestId":"F8SYA-98F0V","timestamp":"2026-03-13T00:09:46.767Z","operation":"ToolRegistry.registerTool","msg":"Registering tool: 'git_wrapup_instructions'"}
{"level":30,"time":1773360586767,"env":"development","version":"2.6.5","pid":44267,"toolName":"git_wrapup_instructions","requestId":"F8SYA-98F0V","timestamp":"2026-03-13T00:09:46.767Z","operation":"ToolRegistry.registerTool","msg":"Tool 'git_wrapup_instructions' registered successfully."}
{"level":30,"time":1773360586767,"env":"development","version":"2.6.5","pid":44267,"requestId":"ZNMUD-05KHN","timestamp":"2026-03-13T00:09:46.767Z","operation":"ResourceRegistry.registerAll","msg":"Registering 1 resource(s)..."}
{"level":30,"time":1773360586767,"env":"development","version":"2.6.5","pid":44267,"requestId":"X08SE-CMFKR","timestamp":"2026-03-13T00:09:46.767Z","resourceName":"git-working-directory","operation":"RegisterResource","msg":"Registering resource: 'git-working-directory'"}
{"level":30,"time":1773360586767,"env":"development","version":"2.6.5","pid":44267,"requestId":"X08SE-CMFKR","timestamp":"2026-03-13T00:09:46.767Z","resourceName":"git-working-directory","operation":"RegisterResource","msg":"Resource 'git-working-directory' registered successfully."}
{"level":20,"time":1773360586767,"env":"development","version":"2.6.5","pid":44267,"requestId":"J8U42-N0Y8V","timestamp":"2026-03-13T00:09:46.767Z","operation":"PromptRegistry.registerAll","msg":"Registering 1 prompts..."}
{"level":20,"time":1773360586767,"env":"development","version":"2.6.5","pid":44267,"requestId":"J8U42-N0Y8V","timestamp":"2026-03-13T00:09:46.767Z","operation":"PromptRegistry.registerAll","msg":"Registering prompt: git_wrapup"}
{"level":30,"time":1773360586767,"env":"development","version":"2.6.5","pid":44267,"requestId":"J8U42-N0Y8V","timestamp":"2026-03-13T00:09:46.767Z","operation":"PromptRegistry.registerAll","msg":"Registered prompt: git_wrapup"}
{"level":30,"time":1773360586767,"env":"development","version":"2.6.5","pid":44267,"requestId":"J8U42-N0Y8V","timestamp":"2026-03-13T00:09:46.767Z","operation":"PromptRegistry.registerAll","msg":"Successfully registered 1 prompts"}
{"level":20,"time":1773360586767,"env":"development","version":"2.6.5","pid":44267,"requestId":"1PJS6-KWSNP","timestamp":"2026-03-13T00:09:46.767Z","operation":"RootsRegistry.registerAll","msg":"Roots capability enabled (client-provided roots)"}
{"level":30,"time":1773360586767,"env":"development","version":"2.6.5","pid":44267,"requestId":"1PJS6-KWSNP","timestamp":"2026-03-13T00:09:46.767Z","operation":"RootsRegistry.registerAll","msg":"Roots capability registered successfully"}
{"level":30,"time":1773360586767,"env":"development","version":"2.6.5","pid":44267,"requestId":"YJV91-7RPS2","timestamp":"2026-03-13T00:09:46.763Z","operation":"createMcpServerInstance","msg":"All MCP capabilities registered successfully"}
{"level":30,"time":1773360586768,"env":"development","version":"2.6.5","pid":44267,"transport":"stdio","requestId":"LEDD7-KP4IT","timestamp":"2026-03-13T00:09:46.763Z","operation":"connectStdioTransport","transportType":"Stdio","msg":"Attempting to connect stdio transport..."}
{"level":20,"time":1773360586768,"env":"development","version":"2.6.5","pid":44267,"transport":"stdio","requestId":"LEDD7-KP4IT","timestamp":"2026-03-13T00:09:46.763Z","operation":"connectStdioTransport","transportType":"Stdio","msg":"Creating StdioServerTransport instance..."}
{"level":20,"time":1773360586768,"env":"development","version":"2.6.5","pid":44267,"transport":"stdio","requestId":"LEDD7-KP4IT","timestamp":"2026-03-13T00:09:46.763Z","operation":"connectStdioTransport","transportType":"Stdio","msg":"Connecting McpServer instance to StdioServerTransport..."}
{"level":30,"time":1773360586768,"env":"development","version":"2.6.5","pid":44267,"transport":"stdio","requestId":"LEDD7-KP4IT","timestamp":"2026-03-13T00:09:46.763Z","operation":"connectStdioTransport","transportType":"Stdio","msg":"MCP Server connected and listening via stdio transport."}
{"level":30,"time":1773360586768,"env":"development","version":"2.6.5","pid":44267,"applicationName":"@cyanheads/git-mcp-server","applicationVersion":"2.6.5","nodeEnvironment":"development","requestId":"80R0E-9DGBF","timestamp":"2026-03-13T00:09:46.763Z","operation":"ServerStartup","msg":"@cyanheads/git-mcp-server is now running and ready."}
{"level":20,"time":1773361726335,"env":"development","version":"2.6.5","pid":44267,"requestId":"JJVQM-IRPS0","timestamp":"2026-03-13T00:28:46.335Z","requiredScopes":["tool:git:read"],"operation":"withRequiredScopesCheck","msg":"No authentication context found. Defaulting to allowed for demonstration purposes."}
{"level":30,"time":1773361726336,"env":"development","version":"2.6.5","pid":44267,"requestId":"3JSGN-3WI9Q","timestamp":"2026-03-13T00:28:46.336Z","operation":"createStorageProvider","msg":"Creating storage provider of type: in-memory"}
{"level":20,"time":1773361726336,"env":"development","version":"2.6.5","pid":44267,"signal":{},"_meta":{"progressToken":"ee8f50d9-2ab9-4f2c-9ce3-f1f23f957961"},"requestId":"6CWC6-W39RA","timestamp":"2026-03-13T00:28:46.334Z","toolName":"git_wrapup_instructions","input":{"acknowledgement":"Y"},"operation":"HandleToolRequest","hasStorage":true,"hasFactory":true,"skipPathResolution":true,"msg":"Initialized tool handler dependencies"}
{"level":20,"time":1773361726336,"env":"development","version":"2.6.5","pid":44267,"signal":{},"_meta":{"progressToken":"ee8f50d9-2ab9-4f2c-9ce3-f1f23f957961"},"requestId":"6CWC6-W39RA","timestamp":"2026-03-13T00:28:46.334Z","toolName":"git_wrapup_instructions","input":{"acknowledgement":"Y"},"operation":"HandleToolRequest","toolInput":{"acknowledgement":"Y"},"skipPathResolution":true,"msg":"Executing tool with handler factory"}
{"level":30,"time":1773361726337,"env":"development","version":"2.6.5","pid":44267,"requestId":"factory","timestamp":"1773361726337","type":"cli","version":"1.0.0","msg":"Git provider initialized"}
{"level":20,"time":1773361726337,"env":"development","version":"2.6.5","pid":44267,"signal":{},"_meta":{"progressToken":"ee8f50d9-2ab9-4f2c-9ce3-f1f23f957961"},"requestId":"6CWC6-W39RA","timestamp":"2026-03-13T00:28:46.334Z","toolName":"git_wrapup_instructions","input":{"acknowledgement":"Y"},"operation":"HandleToolRequest","msg":"[InMemoryProvider] Getting key: session:workingDir:default-tenant for tenant: default-tenant"}
{"level":30,"time":1773361726338,"env":"development","version":"2.6.5","pid":44267,"signal":{},"_meta":{"progressToken":"ee8f50d9-2ab9-4f2c-9ce3-f1f23f957961"},"requestId":"6CWC6-W39RA","timestamp":"2026-03-13T00:28:46.334Z","toolName":"git_wrapup_instructions","input":{"acknowledgement":"Y"},"operation":"HandleToolRequest","metrics":{"durationMs":2.18,"isSuccess":true,"inputBytes":23,"outputBytes":2230,"memory":{"rss":{"before":65454080,"after":67600384,"delta":2146304},"heapUsed":{"before":33278144,"after":33278144,"delta":0}}},"msg":"Tool execution finished."}
{"level":20,"time":1773361731142,"env":"development","version":"2.6.5","pid":44267,"requestId":"V8V5B-Z9CHI","timestamp":"2026-03-13T00:28:51.142Z","requiredScopes":["tool:git:write"],"operation":"withRequiredScopesCheck","msg":"No authentication context found. Defaulting to allowed for demonstration purposes."}
{"level":20,"time":1773361731142,"env":"development","version":"2.6.5","pid":44267,"signal":{},"_meta":{"progressToken":"b9f6ba1d-186b-49fb-bfbf-7a56947abf6e"},"requestId":"VXJ1T-QEHE1","timestamp":"2026-03-13T00:28:51.142Z","toolName":"git_set_working_dir","input":{"path":"/Users/IslamIbrahim/Work/Projects/autoscuela 2","validateGitRepo":true,"initializeIfNotPresent":false,"includeMetadata":false},"operation":"HandleToolRequest","hasStorage":true,"hasFactory":true,"skipPathResolution":true,"msg":"Initialized tool handler dependencies"}
{"level":20,"time":1773361731142,"env":"development","version":"2.6.5","pid":44267,"signal":{},"_meta":{"progressToken":"b9f6ba1d-186b-49fb-bfbf-7a56947abf6e"},"requestId":"VXJ1T-QEHE1","timestamp":"2026-03-13T00:28:51.142Z","toolName":"git_set_working_dir","input":{"path":"/Users/IslamIbrahim/Work/Projects/autoscuela 2","validateGitRepo":true,"initializeIfNotPresent":false,"includeMetadata":false},"operation":"HandleToolRequest","toolInput":{"path":"/Users/IslamIbrahim/Work/Projects/autoscuela 2","validateGitRepo":true,"initializeIfNotPresent":false,"includeMetadata":false},"skipPathResolution":true,"msg":"Executing tool with handler factory"}
{"level":20,"time":1773361731142,"env":"development","version":"2.6.5","pid":44267,"requestId":"factory","timestamp":"1773361731142","type":"cli","msg":"Using cached git provider"}
{"level":20,"time":1773361731142,"env":"development","version":"2.6.5","pid":44267,"signal":{},"_meta":{"progressToken":"b9f6ba1d-186b-49fb-bfbf-7a56947abf6e"},"requestId":"VXJ1T-QEHE1","timestamp":"2026-03-13T00:28:51.142Z","toolName":"git_set_working_dir","input":{"path":"/Users/IslamIbrahim/Work/Projects/autoscuela 2","validateGitRepo":true,"initializeIfNotPresent":false,"includeMetadata":false},"operation":"HandleToolRequest","provider":"cli","workingDirectory":"/Users/IslamIbrahim/Work/Projects/autoscuela 2","tenantId":"default-tenant","options":{"path":"/Users/IslamIbrahim/Work/Projects/autoscuela 2"},"msg":"Starting git validateRepository"}
{"level":30,"time":1773361731155,"env":"development","version":"2.6.5","pid":44267,"signal":{},"_meta":{"progressToken":"b9f6ba1d-186b-49fb-bfbf-7a56947abf6e"},"requestId":"VXJ1T-QEHE1","timestamp":"2026-03-13T00:28:51.142Z","toolName":"git_set_working_dir","input":{"path":"/Users/IslamIbrahim/Work/Projects/autoscuela 2","validateGitRepo":true,"initializeIfNotPresent":false,"includeMetadata":false},"operation":"HandleToolRequest","provider":"cli","workingDirectory":"/Users/IslamIbrahim/Work/Projects/autoscuela 2","tenantId":"default-tenant","result":{"path":"/Users/IslamIbrahim/Work/Projects/autoscuela 2"},"msg":"Git validateRepository completed successfully"}
{"level":20,"time":1773361731155,"env":"development","version":"2.6.5","pid":44267,"signal":{},"_meta":{"progressToken":"b9f6ba1d-186b-49fb-bfbf-7a56947abf6e"},"requestId":"VXJ1T-QEHE1","timestamp":"2026-03-13T00:28:51.142Z","toolName":"git_set_working_dir","input":{"path":"/Users/IslamIbrahim/Work/Projects/autoscuela 2","validateGitRepo":true,"initializeIfNotPresent":false,"includeMetadata":false},"operation":"HandleToolRequest","msg":"[InMemoryProvider] Setting key: session:workingDir:default-tenant for tenant: default-tenant"}
{"level":30,"time":1773361731155,"env":"development","version":"2.6.5","pid":44267,"signal":{},"_meta":{"progressToken":"b9f6ba1d-186b-49fb-bfbf-7a56947abf6e"},"requestId":"VXJ1T-QEHE1","timestamp":"2026-03-13T00:28:51.142Z","toolName":"git_set_working_dir","input":{"path":"/Users/IslamIbrahim/Work/Projects/autoscuela 2","validateGitRepo":true,"initializeIfNotPresent":false,"includeMetadata":false},"operation":"HandleToolRequest","metrics":{"durationMs":13.3,"isSuccess":true,"inputBytes":135,"outputBytes":157,"memory":{"rss":{"before":72089600,"after":74235904,"delta":2146304},"heapUsed":{"before":34481497,"after":34481497,"delta":0}}},"msg":"Tool execution finished."}
{"level":20,"time":1773361736471,"env":"development","version":"2.6.5","pid":44267,"requestId":"5QP9D-4Q5F4","timestamp":"2026-03-13T00:28:56.471Z","requiredScopes":["tool:git:read"],"operation":"withRequiredScopesCheck","msg":"No authentication context found. Defaulting to allowed for demonstration purposes."}
{"level":20,"time":1773361736471,"env":"development","version":"2.6.5","pid":44267,"signal":{},"_meta":{"progressToken":"c28f2a6d-f865-4000-879b-7f2d8e6010b8"},"requestId":"9LOYN-NZ3E6","timestamp":"2026-03-13T00:28:56.471Z","toolName":"git_diff","input":{"path":".","staged":true,"includeUntracked":true,"nameOnly":false,"stat":false,"contextLines":3},"operation":"HandleToolRequest","hasStorage":true,"hasFactory":true,"msg":"Initialized tool handler dependencies"}
{"level":20,"time":1773361736471,"env":"development","version":"2.6.5","pid":44267,"signal":{},"_meta":{"progressToken":"c28f2a6d-f865-4000-879b-7f2d8e6010b8"},"requestId":"9LOYN-NZ3E6","timestamp":"2026-03-13T00:28:56.471Z","toolName":"git_diff","input":{"path":".","staged":true,"includeUntracked":true,"nameOnly":false,"stat":false,"contextLines":3},"operation":"HandleToolRequest","toolInput":{"path":".","staged":true,"includeUntracked":true,"nameOnly":false,"stat":false,"contextLines":3},"msg":"Executing tool with handler factory"}
{"level":20,"time":1773361736471,"env":"development","version":"2.6.5","pid":44267,"requestId":"factory","timestamp":"1773361736471","type":"cli","msg":"Using cached git provider"}
{"level":20,"time":1773361736471,"env":"development","version":"2.6.5","pid":44267,"signal":{},"_meta":{"progressToken":"c28f2a6d-f865-4000-879b-7f2d8e6010b8"},"requestId":"9LOYN-NZ3E6","timestamp":"2026-03-13T00:28:56.471Z","toolName":"git_diff","input":{"path":".","staged":true,"includeUntracked":true,"nameOnly":false,"stat":false,"contextLines":3},"operation":"HandleToolRequest","tenantId":"default-tenant","msg":"Resolving session working directory"}
{"level":20,"time":1773361736471,"env":"development","version":"2.6.5","pid":44267,"signal":{},"_meta":{"progressToken":"c28f2a6d-f865-4000-879b-7f2d8e6010b8"},"requestId":"9LOYN-NZ3E6","timestamp":"2026-03-13T00:28:56.471Z","toolName":"git_diff","input":{"path":".","staged":true,"includeUntracked":true,"nameOnly":false,"stat":false,"contextLines":3},"operation":"HandleToolRequest","tenantId":"default-tenant","msg":"[InMemoryProvider] Getting key: session:workingDir:default-tenant for tenant: default-tenant"}
{"level":20,"time":1773361736471,"env":"development","version":"2.6.5","pid":44267,"signal":{},"_meta":{"progressToken":"c28f2a6d-f865-4000-879b-7f2d8e6010b8"},"requestId":"9LOYN-NZ3E6","timestamp":"2026-03-13T00:28:56.471Z","toolName":"git_diff","input":{"path":".","staged":true,"includeUntracked":true,"nameOnly":false,"stat":false,"contextLines":3},"operation":"HandleToolRequest","tenantId":"default-tenant","workingDir":"/Users/IslamIbrahim/Work/Projects/autoscuela 2","msg":"Resolved session working directory"}
{"level":20,"time":1773361736472,"env":"development","version":"2.6.5","pid":44267,"signal":{},"_meta":{"progressToken":"c28f2a6d-f865-4000-879b-7f2d8e6010b8"},"requestId":"9LOYN-NZ3E6","timestamp":"2026-03-13T00:28:56.471Z","toolName":"git_diff","input":{"path":".","staged":true,"includeUntracked":true,"nameOnly":false,"stat":false,"contextLines":3},"operation":"HandleToolRequest","original":"/Users/IslamIbrahim/Work/Projects/autoscuela 2","sanitized":"/Users/IslamIbrahim/Work/Projects/autoscuela 2","msg":"Sanitized working directory path"}
{"level":20,"time":1773361736472,"env":"development","version":"2.6.5","pid":44267,"signal":{},"_meta":{"progressToken":"c28f2a6d-f865-4000-879b-7f2d8e6010b8"},"requestId":"9LOYN-NZ3E6","timestamp":"2026-03-13T00:28:56.471Z","toolName":"git_diff","input":{"path":".","staged":true,"includeUntracked":true,"nameOnly":false,"stat":false,"contextLines":3},"operation":"HandleToolRequest","inputPath":".","resolvedPath":"/Users/IslamIbrahim/Work/Projects/autoscuela 2","msg":"Resolved working directory"}
{"level":20,"time":1773361736472,"env":"development","version":"2.6.5","pid":44267,"signal":{},"_meta":{"progressToken":"c28f2a6d-f865-4000-879b-7f2d8e6010b8"},"requestId":"9LOYN-NZ3E6","timestamp":"2026-03-13T00:28:56.471Z","toolName":"git_diff","input":{"path":".","staged":true,"includeUntracked":true,"nameOnly":false,"stat":false,"contextLines":3},"operation":"HandleToolRequest","provider":"cli","workingDirectory":"/Users/IslamIbrahim/Work/Projects/autoscuela 2","tenantId":"default-tenant","options":{"staged":true,"includeUntracked":true,"nameOnly":false,"stat":false,"unified":3},"msg":"Starting git diff"}
{"level":30,"time":1773361736518,"env":"development","version":"2.6.5","pid":44267,"signal":{},"_meta":{"progressToken":"c28f2a6d-f865-4000-879b-7f2d8e6010b8"},"requestId":"9LOYN-NZ3E6","timestamp":"2026-03-13T00:28:56.471Z","toolName":"git_diff","input":{"path":".","staged":true,"includeUntracked":true,"nameOnly":false,"stat":false,"contextLines":3},"operation":"HandleToolRequest","provider":"cli","workingDirectory":"/Users/IslamIbrahim/Work/Projects/autoscuela 2","tenantId":"default-tenant","result":{"filesChanged":35},"msg":"Git diff completed successfully"}
{"level":30,"time":1773361736519,"env":"development","version":"2.6.5","pid":44267,"signal":{},"_meta":{"progressToken":"c28f2a6d-f865-4000-879b-7f2d8e6010b8"},"requestId":"9LOYN-NZ3E6","timestamp":"2026-03-13T00:28:56.471Z","toolName":"git_diff","input":{"path":".","staged":true,"includeUntracked":true,"nameOnly":false,"stat":false,"contextLines":3},"operation":"HandleToolRequest","metrics":{"durationMs":47.49,"isSuccess":true,"inputBytes":97,"outputBytes":246656,"memory":{"rss":{"before":74973184,"after":80183296,"delta":5210112},"heapUsed":{"before":35187871,"after":36206647,"delta":1018776}}},"msg":"Tool execution finished."}
{"level":20,"time":1773361832726,"env":"development","version":"2.6.5","pid":44267,"requestId":"B1DPU-RRVCJ","timestamp":"2026-03-13T00:30:32.726Z","requiredScopes":["tool:git:write"],"operation":"withRequiredScopesCheck","msg":"No authentication context found. Defaulting to allowed for demonstration purposes."}
{"level":20,"time":1773361832726,"env":"development","version":"2.6.5","pid":44267,"signal":{},"_meta":{"progressToken":"de4d53e7-693c-41ee-9a6f-aae84784c01a"},"requestId":"G4SYO-P632W","timestamp":"2026-03-13T00:30:32.726Z","toolName":"git_commit","input":{"path":".","message":"feat(ui): implement mobile-first navigation and core layout refactor\n\n- Added sticky bottom MobileNav for better reachability on small screens.\n- Refactored AppShell and Navbar to support the new navigation strategy.\n- Introduced glassmorphic design foundations in global components.","amend":false,"allowEmpty":false,"noVerify":false,"filesToStage":["components/AppShell.js","components/Navbar.js","components/MobileNav.js"],"forceUnsignedOnFailure":false},"operation":"HandleToolRequest","hasStorage":true,"hasFactory":true,"msg":"Initialized tool handler dependencies"}
{"level":20,"time":1773361832726,"env":"development","version":"2.6.5","pid":44267,"signal":{},"_meta":{"progressToken":"de4d53e7-693c-41ee-9a6f-aae84784c01a"},"requestId":"G4SYO-P632W","timestamp":"2026-03-13T00:30:32.726Z","toolName":"git_commit","input":{"path":".","message":"feat(ui): implement mobile-first navigation and core layout refactor\n\n- Added sticky bottom MobileNav for better reachability on small screens.\n- Refactored AppShell and Navbar to support the new navigation strategy.\n- Introduced glassmorphic design foundations in global components.","amend":false,"allowEmpty":false,"noVerify":false,"filesToStage":["components/AppShell.js","components/Navbar.js","components/MobileNav.js"],"forceUnsignedOnFailure":false},"operation":"HandleToolRequest","toolInput":{"path":".","message":"feat(ui): implement mobile-first navigation and core layout refactor\n\n- Added sticky bottom MobileNav for better reachability on small screens.\n- Refactored AppShell and Navbar to support the new navigation strategy.\n- Introduced glassmorphic design foundations in global components.","amend":false,"allowEmpty":false,"noVerify":false,"filesToStage":["components/AppShell.js","components/Navbar.js","components/MobileNav.js"],"forceUnsignedOnFailure":false},"msg":"Executing tool with handler factory"}
{"level":20,"time":1773361832726,"env":"development","version":"2.6.5","pid":44267,"requestId":"factory","timestamp":"1773361832726","type":"cli","msg":"Using cached git provider"}
{"level":20,"time":1773361832726,"env":"development","version":"2.6.5","pid":44267,"signal":{},"_meta":{"progressToken":"de4d53e7-693c-41ee-9a6f-aae84784c01a"},"requestId":"G4SYO-P632W","timestamp":"2026-03-13T00:30:32.726Z","toolName":"git_commit","input":{"path":".","message":"feat(ui): implement mobile-first navigation and core layout refactor\n\n- Added sticky bottom MobileNav for better reachability on small screens.\n- Refactored AppShell and Navbar to support the new navigation strategy.\n- Introduced glassmorphic design foundations in global components.","amend":false,"allowEmpty":false,"noVerify":false,"filesToStage":["components/AppShell.js","components/Navbar.js","components/MobileNav.js"],"forceUnsignedOnFailure":false},"operation":"HandleToolRequest","tenantId":"default-tenant","msg":"Resolving session working directory"}
{"level":20,"time":1773361832726,"env":"development","version":"2.6.5","pid":44267,"signal":{},"_meta":{"progressToken":"de4d53e7-693c-41ee-9a6f-aae84784c01a"},"requestId":"G4SYO-P632W","timestamp":"2026-03-13T00:30:32.726Z","toolName":"git_commit","input":{"path":".","message":"feat(ui): implement mobile-first navigation and core layout refactor\n\n- Added sticky bottom MobileNav for better reachability on small screens.\n- Refactored AppShell and Navbar to support the new navigation strategy.\n- Introduced glassmorphic design foundations in global components.","amend":false,"allowEmpty":false,"noVerify":false,"filesToStage":["components/AppShell.js","components/Navbar.js","components/MobileNav.js"],"forceUnsignedOnFailure":false},"operation":"HandleToolRequest","tenantId":"default-tenant","msg":"[InMemoryProvider] Getting key: session:workingDir:default-tenant for tenant: default-tenant"}
{"level":20,"time":1773361832726,"env":"development","version":"2.6.5","pid":44267,"signal":{},"_meta":{"progressToken":"de4d53e7-693c-41ee-9a6f-aae84784c01a"},"requestId":"G4SYO-P632W","timestamp":"2026-03-13T00:30:32.726Z","toolName":"git_commit","input":{"path":".","message":"feat(ui): implement mobile-first navigation and core layout refactor\n\n- Added sticky bottom MobileNav for better reachability on small screens.\n- Refactored AppShell and Navbar to support the new navigation strategy.\n- Introduced glassmorphic design foundations in global components.","amend":false,"allowEmpty":false,"noVerify":false,"filesToStage":["components/AppShell.js","components/Navbar.js","components/MobileNav.js"],"forceUnsignedOnFailure":false},"operation":"HandleToolRequest","tenantId":"default-tenant","workingDir":"/Users/IslamIbrahim/Work/Projects/autoscuela 2","msg":"Resolved session working directory"}
{"level":20,"time":1773361832726,"env":"development","version":"2.6.5","pid":44267,"signal":{},"_meta":{"progressToken":"de4d53e7-693c-41ee-9a6f-aae84784c01a"},"requestId":"G4SYO-P632W","timestamp":"2026-03-13T00:30:32.726Z","toolName":"git_commit","input":{"path":".","message":"feat(ui): implement mobile-first navigation and core layout refactor\n\n- Added sticky bottom MobileNav for better reachability on small screens.\n- Refactored AppShell and Navbar to support the new navigation strategy.\n- Introduced glassmorphic design foundations in global components.","amend":false,"allowEmpty":false,"noVerify":false,"filesToStage":["components/AppShell.js","components/Navbar.js","components/MobileNav.js"],"forceUnsignedOnFailure":false},"operation":"HandleToolRequest","original":"/Users/IslamIbrahim/Work/Projects/autoscuela 2","sanitized":"/Users/IslamIbrahim/Work/Projects/autoscuela 2","msg":"Sanitized working directory path"}
{"level":20,"time":1773361832726,"env":"development","version":"2.6.5","pid":44267,"signal":{},"_meta":{"progressToken":"de4d53e7-693c-41ee-9a6f-aae84784c01a"},"requestId":"G4SYO-P632W","timestamp":"2026-03-13T00:30:32.726Z","toolName":"git_commit","input":{"path":".","message":"feat(ui): implement mobile-first navigation and core layout refactor\n\n- Added sticky bottom MobileNav for better reachability on small screens.\n- Refactored AppShell and Navbar to support the new navigation strategy.\n- Introduced glassmorphic design foundations in global components.","amend":false,"allowEmpty":false,"noVerify":false,"filesToStage":["components/AppShell.js","components/Navbar.js","components/MobileNav.js"],"forceUnsignedOnFailure":false},"operation":"HandleToolRequest","inputPath":".","resolvedPath":"/Users/IslamIbrahim/Work/Projects/autoscuela 2","msg":"Resolved working directory"}
{"level":20,"time":1773361832726,"env":"development","version":"2.6.5","pid":44267,"signal":{},"_meta":{"progressToken":"de4d53e7-693c-41ee-9a6f-aae84784c01a"},"requestId":"G4SYO-P632W","timestamp":"2026-03-13T00:30:32.726Z","toolName":"git_commit","input":{"path":".","message":"feat(ui): implement mobile-first navigation and core layout refactor\n\n- Added sticky bottom MobileNav for better reachability on small screens.\n- Refactored AppShell and Navbar to support the new navigation strategy.\n- Introduced glassmorphic design foundations in global components.","amend":false,"allowEmpty":false,"noVerify":false,"filesToStage":["components/AppShell.js","components/Navbar.js","components/MobileNav.js"],"forceUnsignedOnFailure":false},"operation":"HandleToolRequest","provider":"cli","workingDirectory":"/Users/IslamIbrahim/Work/Projects/autoscuela 2","tenantId":"default-tenant","options":{"paths":["components/AppShell.js","components/Navbar.js","components/MobileNav.js"]},"msg":"Starting git add"}
{"level":30,"time":1773361832734,"env":"development","version":"2.6.5","pid":44267,"signal":{},"_meta":{"progressToken":"de4d53e7-693c-41ee-9a6f-aae84784c01a"},"requestId":"G4SYO-P632W","timestamp":"2026-03-13T00:30:32.726Z","toolName":"git_commit","input":{"path":".","message":"feat(ui): implement mobile-first navigation and core layout refactor\n\n- Added sticky bottom MobileNav for better reachability on small screens.\n- Refactored AppShell and Navbar to support the new navigation strategy.\n- Introduced glassmorphic design foundations in global components.","amend":false,"allowEmpty":false,"noVerify":false,"filesToStage":["components/AppShell.js","components/Navbar.js","components/MobileNav.js"],"forceUnsignedOnFailure":false},"operation":"HandleToolRequest","provider":"cli","workingDirectory":"/Users/IslamIbrahim/Work/Projects/autoscuela 2","tenantId":"default-tenant","result":{"filesStaged":3},"msg":"Git add completed successfully"}
{"level":20,"time":1773361832734,"env":"development","version":"2.6.5","pid":44267,"signal":{},"_meta":{"progressToken":"de4d53e7-693c-41ee-9a6f-aae84784c01a"},"requestId":"G4SYO-P632W","timestamp":"2026-03-13T00:30:32.726Z","toolName":"git_commit","input":{"path":".","message":"feat(ui): implement mobile-first navigation and core layout refactor\n\n- Added sticky bottom MobileNav for better reachability on small screens.\n- Refactored AppShell and Navbar to support the new navigation strategy.\n- Introduced glassmorphic design foundations in global components.","amend":false,"allowEmpty":false,"noVerify":false,"filesToStage":["components/AppShell.js","components/Navbar.js","components/MobileNav.js"],"forceUnsignedOnFailure":false},"operation":"HandleToolRequest","provider":"cli","workingDirectory":"/Users/IslamIbrahim/Work/Projects/autoscuela 2","tenantId":"default-tenant","options":{"message":"feat(ui): implement mobile-first navigation and core layout refactor\n\n- Added sticky bottom MobileNav for better reachability on small screens.\n- Refactored AppShell and Navbar to support the new navigation strategy.\n- Introduced glassmorphic design foundations in global components."},"msg":"Starting git commit"}
{"level":30,"time":1773361832765,"env":"development","version":"2.6.5","pid":44267,"signal":{},"_meta":{"progressToken":"de4d53e7-693c-41ee-9a6f-aae84784c01a"},"requestId":"G4SYO-P632W","timestamp":"2026-03-13T00:30:32.726Z","toolName":"git_commit","input":{"path":".","message":"feat(ui): implement mobile-first navigation and core layout refactor\n\n- Added sticky bottom MobileNav for better reachability on small screens.\n- Refactored AppShell and Navbar to support the new navigation strategy.\n- Introduced glassmorphic design foundations in global components.","amend":false,"allowEmpty":false,"noVerify":false,"filesToStage":["components/AppShell.js","components/Navbar.js","components/MobileNav.js"],"forceUnsignedOnFailure":false},"operation":"HandleToolRequest","provider":"cli","workingDirectory":"/Users/IslamIbrahim/Work/Projects/autoscuela 2","tenantId":"default-tenant","result":{"hash":"4e5aacede3970fc1449adb12cfbba961ed665dc9"},"msg":"Git commit completed successfully"}
{"level":20,"time":1773361832765,"env":"development","version":"2.6.5","pid":44267,"signal":{},"_meta":{"progressToken":"de4d53e7-693c-41ee-9a6f-aae84784c01a"},"requestId":"G4SYO-P632W","timestamp":"2026-03-13T00:30:32.726Z","toolName":"git_commit","input":{"path":".","message":"feat(ui): implement mobile-first navigation and core layout refactor\n\n- Added sticky bottom MobileNav for better reachability on small screens.\n- Refactored AppShell and Navbar to support the new navigation strategy.\n- Introduced glassmorphic design foundations in global components.","amend":false,"allowEmpty":false,"noVerify":false,"filesToStage":["components/AppShell.js","components/Navbar.js","components/MobileNav.js"],"forceUnsignedOnFailure":false},"operation":"HandleToolRequest","provider":"cli","workingDirectory":"/Users/IslamIbrahim/Work/Projects/autoscuela 2","tenantId":"default-tenant","options":{"includeUntracked":true},"msg":"Starting git status"}
{"level":30,"time":1773361832772,"env":"development","version":"2.6.5","pid":44267,"signal":{},"_meta":{"progressToken":"de4d53e7-693c-41ee-9a6f-aae84784c01a"},"requestId":"G4SYO-P632W","timestamp":"2026-03-13T00:30:32.726Z","toolName":"git_commit","input":{"path":".","message":"feat(ui): implement mobile-first navigation and core layout refactor\n\n- Added sticky bottom MobileNav for better reachability on small screens.\n- Refactored AppShell and Navbar to support the new navigation strategy.\n- Introduced glassmorphic design foundations in global components.","amend":false,"allowEmpty":false,"noVerify":false,"filesToStage":["components/AppShell.js","components/Navbar.js","components/MobileNav.js"],"forceUnsignedOnFailure":false},"operation":"HandleToolRequest","provider":"cli","workingDirectory":"/Users/IslamIbrahim/Work/Projects/autoscuela 2","tenantId":"default-tenant","result":{"isClean":false},"msg":"Git status completed successfully"}
{"level":30,"time":1773361832772,"env":"development","version":"2.6.5","pid":44267,"signal":{},"_meta":{"progressToken":"de4d53e7-693c-41ee-9a6f-aae84784c01a"},"requestId":"G4SYO-P632W","timestamp":"2026-03-13T00:30:32.726Z","toolName":"git_commit","input":{"path":".","message":"feat(ui): implement mobile-first navigation and core layout refactor\n\n- Added sticky bottom MobileNav for better reachability on small screens.\n- Refactored AppShell and Navbar to support the new navigation strategy.\n- Introduced glassmorphic design foundations in global components.","amend":false,"allowEmpty":false,"noVerify":false,"filesToStage":["components/AppShell.js","components/Navbar.js","components/MobileNav.js"],"forceUnsignedOnFailure":false},"operation":"HandleToolRequest","metrics":{"durationMs":46.35,"isSuccess":true,"inputBytes":484,"outputBytes":882,"memory":{"rss":{"before":84787200,"after":85442560,"delta":655360},"heapUsed":{"before":37213608,"after":37804224,"delta":590616}}},"msg":"Tool execution finished."}
{"level":20,"time":1773361841309,"env":"development","version":"2.6.5","pid":44267,"requestId":"LBB1W-X76R9","timestamp":"2026-03-13T00:30:41.309Z","requiredScopes":["tool:git:write"],"operation":"withRequiredScopesCheck","msg":"No authentication context found. Defaulting to allowed for demonstration purposes."}
{"level":20,"time":1773361841309,"env":"development","version":"2.6.5","pid":44267,"signal":{},"_meta":{"progressToken":"de30ab71-aaff-4f10-b521-da9e2658550b"},"requestId":"XBAMX-5ZAJ4","timestamp":"2026-03-13T00:30:41.309Z","toolName":"git_commit","input":{"path":".","message":"docs: update README and add CHANGELOG for v1.1.0\n\n- Reflected UI/UX and mobile responsiveness upgrades in README.\n- Created CHANGELOG to track version history and major changes.\n- Corrected default MongoDB connection details.","amend":false,"allowEmpty":false,"noVerify":false,"filesToStage":["README.md","CHANGELOG.md"],"forceUnsignedOnFailure":false},"operation":"HandleToolRequest","toolInput":{"path":".","message":"docs: update README and add CHANGELOG for v1.1.0\n\n- Reflected UI/UX and mobile responsiveness upgrades in README.\n- Created CHANGELOG to track version history and major changes.\n- Corrected default MongoDB connection details.","amend":false,"allowEmpty":false,"noVerify":false,"filesToStage":["README.md","CHANGELOG.md"],"forceUnsignedOnFailure":false},"msg":"Executing tool with handler factory"}
{"level":20,"time":1773361841309,"env":"development","version":"2.6.5","pid":44267,"requestId":"factory","timestamp":"1773361841309","type":"cli","msg":"Using cached git provider"}
{"level":20,"time":1773361841309,"env":"development","version":"2.6.5","pid":44267,"signal":{},"_meta":{"progressToken":"de30ab71-aaff-4f10-b521-da9e2658550b"},"requestId":"XBAMX-5ZAJ4","timestamp":"2026-03-13T00:30:41.309Z","toolName":"git_commit","input":{"path":".","message":"docs: update README and add CHANGELOG for v1.1.0\n\n- Reflected UI/UX and mobile responsiveness upgrades in README.\n- Created CHANGELOG to track version history and major changes.\n- Corrected default MongoDB connection details.","amend":false,"allowEmpty":false,"noVerify":false,"filesToStage":["README.md","CHANGELOG.md"],"forceUnsignedOnFailure":false},"operation":"HandleToolRequest","tenantId":"default-tenant","msg":"Resolving session working directory"}
{"level":20,"time":1773361841309,"env":"development","version":"2.6.5","pid":44267,"signal":{},"_meta":{"progressToken":"de30ab71-aaff-4f10-b521-da9e2658550b"},"requestId":"XBAMX-5ZAJ4","timestamp":"2026-03-13T00:30:41.309Z","toolName":"git_commit","input":{"path":".","message":"docs: update README and add CHANGELOG for v1.1.0\n\n- Reflected UI/UX and mobile responsiveness upgrades in README.\n- Created CHANGELOG to track version history and major changes.\n- Corrected default MongoDB connection details.","amend":false,"allowEmpty":false,"noVerify":false,"filesToStage":["README.md","CHANGELOG.md"],"forceUnsignedOnFailure":false},"operation":"HandleToolRequest","tenantId":"default-tenant","msg":"[InMemoryProvider] Getting key: session:workingDir:default-tenant for tenant: default-tenant"}
{"level":20,"time":1773361841309,"env":"development","version":"2.6.5","pid":44267,"signal":{},"_meta":{"progressToken":"de30ab71-aaff-4f10-b521-da9e2658550b"},"requestId":"XBAMX-5ZAJ4","timestamp":"2026-03-13T00:30:41.309Z","toolName":"git_commit","input":{"path":".","message":"docs: update README and add CHANGELOG for v1.1.0\n\n- Reflected UI/UX and mobile responsiveness upgrades in README.\n- Created CHANGELOG to track version history and major changes.\n- Corrected default MongoDB connection details.","amend":false,"allowEmpty":false,"noVerify":false,"filesToStage":["README.md","CHANGELOG.md"],"forceUnsignedOnFailure":false},"operation":"HandleToolRequest","tenantId":"default-tenant","workingDir":"/Users/IslamIbrahim/Work/Projects/autoscuela 2","msg":"Resolved session working directory"}
{"level":20,"time":1773361841310,"env":"development","version":"2.6.5","pid":44267,"signal":{},"_meta":{"progressToken":"de30ab71-aaff-4f10-b521-da9e2658550b"},"requestId":"XBAMX-5ZAJ4","timestamp":"2026-03-13T00:30:41.309Z","toolName":"git_commit","input":{"path":".","message":"docs: update README and add CHANGELOG for v1.1.0\n\n- Reflected UI/UX and mobile responsiveness upgrades in README.\n- Created CHANGELOG to track version history and major changes.\n- Corrected default MongoDB connection details.","amend":false,"allowEmpty":false,"noVerify":false,"filesToStage":["README.md","CHANGELOG.md"],"forceUnsignedOnFailure":false},"operation":"HandleToolRequest","original":"/Users/IslamIbrahim/Work/Projects/autoscuela 2","sanitized":"/Users/IslamIbrahim/Work/Projects/autoscuela 2","msg":"Sanitized working directory path"}
{"level":20,"time":1773361841310,"env":"development","version":"2.6.5","pid":44267,"signal":{},"_meta":{"progressToken":"de30ab71-aaff-4f10-b521-da9e2658550b"},"requestId":"XBAMX-5ZAJ4","timestamp":"2026-03-13T00:30:41.309Z","toolName":"git_commit","input":{"path":".","message":"docs: update README and add CHANGELOG for v1.1.0\n\n- Reflected UI/UX and mobile responsiveness upgrades in README.\n- Created CHANGELOG to track version history and major changes.\n- Corrected default MongoDB connection details.","amend":false,"allowEmpty":false,"noVerify":false,"filesToStage":["README.md","CHANGELOG.md"],"forceUnsignedOnFailure":false},"operation":"HandleToolRequest","inputPath":".","resolvedPath":"/Users/IslamIbrahim/Work/Projects/autoscuela 2","msg":"Resolved working directory"}
{"level":20,"time":1773361841310,"env":"development","version":"2.6.5","pid":44267,"signal":{},"_meta":{"progressToken":"de30ab71-aaff-4f10-b521-da9e2658550b"},"requestId":"XBAMX-5ZAJ4","timestamp":"2026-03-13T00:30:41.309Z","toolName":"git_commit","input":{"path":".","message":"docs: update README and add CHANGELOG for v1.1.0\n\n- Reflected UI/UX and mobile responsiveness upgrades in README.\n- Created CHANGELOG to track version history and major changes.\n- Corrected default MongoDB connection details.","amend":false,"allowEmpty":false,"noVerify":false,"filesToStage":["README.md","CHANGELOG.md"],"forceUnsignedOnFailure":false},"operation":"HandleToolRequest","provider":"cli","workingDirectory":"/Users/IslamIbrahim/Work/Projects/autoscuela 2","tenantId":"default-tenant","options":{"paths":["README.md","CHANGELOG.md"]},"msg":"Starting git add"}
{"level":30,"time":1773361841319,"env":"development","version":"2.6.5","pid":44267,"signal":{},"_meta":{"progressToken":"de30ab71-aaff-4f10-b521-da9e2658550b"},"requestId":"XBAMX-5ZAJ4","timestamp":"2026-03-13T00:30:41.309Z","toolName":"git_commit","input":{"path":".","message":"docs: update README and add CHANGELOG for v1.1.0\n\n- Reflected UI/UX and mobile responsiveness upgrades in README.\n- Created CHANGELOG to track version history and major changes.\n- Corrected default MongoDB connection details.","amend":false,"allowEmpty":false,"noVerify":false,"filesToStage":["README.md","CHANGELOG.md"],"forceUnsignedOnFailure":false},"operation":"HandleToolRequest","provider":"cli","workingDirectory":"/Users/IslamIbrahim/Work/Projects/autoscuela 2","tenantId":"default-tenant","result":{"filesStaged":2},"msg":"Git add completed successfully"}
{"level":20,"time":1773361841319,"env":"development","version":"2.6.5","pid":44267,"signal":{},"_meta":{"progressToken":"de30ab71-aaff-4f10-b521-da9e2658550b"},"requestId":"XBAMX-5ZAJ4","timestamp":"2026-03-13T00:30:41.309Z","toolName":"git_commit","input":{"path":".","message":"docs: update README and add CHANGELOG for v1.1.0\n\n- Reflected UI/UX and mobile responsiveness upgrades in README.\n- Created CHANGELOG to track version history and major changes.\n- Corrected default MongoDB connection details.","amend":false,"allowEmpty":false,"noVerify":false,"filesToStage":["README.md","CHANGELOG.md"],"forceUnsignedOnFailure":false},"operation":"HandleToolRequest","provider":"cli","workingDirectory":"/Users/IslamIbrahim/Work/Projects/autoscuela 2","tenantId":"default-tenant","options":{"message":"docs: update README and add CHANGELOG for v1.1.0\n\n- Reflected UI/UX and mobile responsiveness upgrades in README.\n- Created CHANGELOG to track version history and major changes.\n- Corrected default MongoDB connection details."},"msg":"Starting git commit"}
{"level":30,"time":1773361841349,"env":"development","version":"2.6.5","pid":44267,"signal":{},"_meta":{"progressToken":"de30ab71-aaff-4f10-b521-da9e2658550b"},"requestId":"XBAMX-5ZAJ4","timestamp":"2026-03-13T00:30:41.309Z","toolName":"git_commit","input":{"path":".","message":"docs: update README and add CHANGELOG for v1.1.0\n\n- Reflected UI/UX and mobile responsiveness upgrades in README.\n- Created CHANGELOG to track version history and major changes.\n- Corrected default MongoDB connection details.","amend":false,"allowEmpty":false,"noVerify":false,"filesToStage":["README.md","CHANGELOG.md"],"forceUnsignedOnFailure":false},"operation":"HandleToolRequest","provider":"cli","workingDirectory":"/Users/IslamIbrahim/Work/Projects/autoscuela 2","tenantId":"default-tenant","result":{"hash":"7ba41f0646ae826196d06c951c80830866be7659"},"msg":"Git commit completed successfully"}
{"level":20,"time":1773361841349,"env":"development","version":"2.6.5","pid":44267,"signal":{},"_meta":{"progressToken":"de30ab71-aaff-4f10-b521-da9e2658550b"},"requestId":"XBAMX-5ZAJ4","timestamp":"2026-03-13T00:30:41.309Z","toolName":"git_commit","input":{"path":".","message":"docs: update README and add CHANGELOG for v1.1.0\n\n- Reflected UI/UX and mobile responsiveness upgrades in README.\n- Created CHANGELOG to track version history and major changes.\n- Corrected default MongoDB connection details.","amend":false,"allowEmpty":false,"noVerify":false,"filesToStage":["README.md","CHANGELOG.md"],"forceUnsignedOnFailure":false},"operation":"HandleToolRequest","provider":"cli","workingDirectory":"/Users/IslamIbrahim/Work/Projects/autoscuela 2","tenantId":"default-tenant","options":{"includeUntracked":true},"msg":"Starting git status"}
{"level":30,"time":1773361841356,"env":"development","version":"2.6.5","pid":44267,"signal":{},"_meta":{"progressToken":"de30ab71-aaff-4f10-b521-da9e2658550b"},"requestId":"XBAMX-5ZAJ4","timestamp":"2026-03-13T00:30:41.309Z","toolName":"git_commit","input":{"path":".","message":"docs: update README and add CHANGELOG for v1.1.0\n\n- Reflected UI/UX and mobile responsiveness upgrades in README.\n- Created CHANGELOG to track version history and major changes.\n- Corrected default MongoDB connection details.","amend":false,"allowEmpty":false,"noVerify":false,"filesToStage":["README.md","CHANGELOG.md"],"forceUnsignedOnFailure":false},"operation":"HandleToolRequest","provider":"cli","workingDirectory":"/Users/IslamIbrahim/Work/Projects/autoscuela 2","tenantId":"default-tenant","result":{"isClean":false},"msg":"Git status completed successfully"}
{"level":30,"time":1773361841356,"env":"development","version":"2.6.5","pid":44267,"signal":{},"_meta":{"progressToken":"de30ab71-aaff-4f10-b521-da9e2658550b"},"requestId":"XBAMX-5ZAJ4","timestamp":"2026-03-13T00:30:41.309Z","toolName":"git_commit","input":{"path":".","message":"docs: update README and add CHANGELOG for v1.1.0\n\n- Reflected UI/UX and mobile responsiveness upgrades in README.\n- Created CHANGELOG to track version history and major changes.\n- Corrected default MongoDB connection details.","amend":false,"allowEmpty":false,"noVerify":false,"filesToStage":["README.md","CHANGELOG.md"],"forceUnsignedOnFailure":false},"operation":"HandleToolRequest","metrics":{"durationMs":46.83,"isSuccess":true,"inputBytes":379,"outputBytes":569,"memory":{"rss":{"before":86097920,"after":86261760,"delta":163840},"heapUsed":{"before":37846178,"after":38384586,"delta":538408}}},"msg":"Tool execution finished."}
{"level":20,"time":1773361848789,"env":"development","version":"2.6.5","pid":44267,"requestId":"1K64K-ZZR2Y","timestamp":"2026-03-13T00:30:48.789Z","requiredScopes":["tool:git:read"],"operation":"withRequiredScopesCheck","msg":"No authentication context found. Defaulting to allowed for demonstration purposes."}
{"level":20,"time":1773361848789,"env":"development","version":"2.6.5","pid":44267,"signal":{},"_meta":{"progressToken":"5eafd36b-51f6-44d7-902c-365d2128a09d"},"requestId":"0XZQK-CJW3U","timestamp":"2026-03-13T00:30:48.789Z","toolName":"git_status","input":{"path":".","includeUntracked":true},"operation":"HandleToolRequest","hasStorage":true,"hasFactory":true,"msg":"Initialized tool handler dependencies"}
{"level":20,"time":1773361848789,"env":"development","version":"2.6.5","pid":44267,"signal":{},"_meta":{"progressToken":"5eafd36b-51f6-44d7-902c-365d2128a09d"},"requestId":"0XZQK-CJW3U","timestamp":"2026-03-13T00:30:48.789Z","toolName":"git_status","input":{"path":".","includeUntracked":true},"operation":"HandleToolRequest","toolInput":{"path":".","includeUntracked":true},"msg":"Executing tool with handler factory"}
{"level":20,"time":1773361848789,"env":"development","version":"2.6.5","pid":44267,"requestId":"factory","timestamp":"1773361848789","type":"cli","msg":"Using cached git provider"}
{"level":20,"time":1773361848789,"env":"development","version":"2.6.5","pid":44267,"signal":{},"_meta":{"progressToken":"5eafd36b-51f6-44d7-902c-365d2128a09d"},"requestId":"0XZQK-CJW3U","timestamp":"2026-03-13T00:30:48.789Z","toolName":"git_status","input":{"path":".","includeUntracked":true},"operation":"HandleToolRequest","tenantId":"default-tenant","msg":"Resolving session working directory"}
{"level":20,"time":1773361848789,"env":"development","version":"2.6.5","pid":44267,"signal":{},"_meta":{"progressToken":"5eafd36b-51f6-44d7-902c-365d2128a09d"},"requestId":"0XZQK-CJW3U","timestamp":"2026-03-13T00:30:48.789Z","toolName":"git_status","input":{"path":".","includeUntracked":true},"operation":"HandleToolRequest","tenantId":"default-tenant","msg":"[InMemoryProvider] Getting key: session:workingDir:default-tenant for tenant: default-tenant"}
{"level":20,"time":1773361848789,"env":"development","version":"2.6.5","pid":44267,"signal":{},"_meta":{"progressToken":"5eafd36b-51f6-44d7-902c-365d2128a09d"},"requestId":"0XZQK-CJW3U","timestamp":"2026-03-13T00:30:48.789Z","toolName":"git_status","input":{"path":".","includeUntracked":true},"operation":"HandleToolRequest","tenantId":"default-tenant","workingDir":"/Users/IslamIbrahim/Work/Projects/autoscuela 2","msg":"Resolved session working directory"}
{"level":20,"time":1773361848789,"env":"development","version":"2.6.5","pid":44267,"signal":{},"_meta":{"progressToken":"5eafd36b-51f6-44d7-902c-365d2128a09d"},"requestId":"0XZQK-CJW3U","timestamp":"2026-03-13T00:30:48.789Z","toolName":"git_status","input":{"path":".","includeUntracked":true},"operation":"HandleToolRequest","original":"/Users/IslamIbrahim/Work/Projects/autoscuela 2","sanitized":"/Users/IslamIbrahim/Work/Projects/autoscuela 2","msg":"Sanitized working directory path"}
{"level":20,"time":1773361848789,"env":"development","version":"2.6.5","pid":44267,"signal":{},"_meta":{"progressToken":"5eafd36b-51f6-44d7-902c-365d2128a09d"},"requestId":"0XZQK-CJW3U","timestamp":"2026-03-13T00:30:48.789Z","toolName":"git_status","input":{"path":".","includeUntracked":true},"operation":"HandleToolRequest","inputPath":".","resolvedPath":"/Users/IslamIbrahim/Work/Projects/autoscuela 2","msg":"Resolved working directory"}
{"level":20,"time":1773361848789,"env":"development","version":"2.6.5","pid":44267,"signal":{},"_meta":{"progressToken":"5eafd36b-51f6-44d7-902c-365d2128a09d"},"requestId":"0XZQK-CJW3U","timestamp":"2026-03-13T00:30:48.789Z","toolName":"git_status","input":{"path":".","includeUntracked":true},"operation":"HandleToolRequest","provider":"cli","workingDirectory":"/Users/IslamIbrahim/Work/Projects/autoscuela 2","tenantId":"default-tenant","options":{"includeUntracked":true},"msg":"Starting git status"}
{"level":30,"time":1773361848798,"env":"development","version":"2.6.5","pid":44267,"signal":{},"_meta":{"progressToken":"5eafd36b-51f6-44d7-902c-365d2128a09d"},"requestId":"0XZQK-CJW3U","timestamp":"2026-03-13T00:30:48.789Z","toolName":"git_status","input":{"path":".","includeUntracked":true},"operation":"HandleToolRequest","provider":"cli","workingDirectory":"/Users/IslamIbrahim/Work/Projects/autoscuela 2","tenantId":"default-tenant","result":{"isClean":false},"msg":"Git status completed successfully"}
{"level":30,"time":1773361848799,"env":"development","version":"2.6.5","pid":44267,"signal":{},"_meta":{"progressToken":"5eafd36b-51f6-44d7-902c-365d2128a09d"},"requestId":"0XZQK-CJW3U","timestamp":"2026-03-13T00:30:48.789Z","toolName":"git_status","input":{"path":".","includeUntracked":true},"operation":"HandleToolRequest","metrics":{"durationMs":9.54,"isSuccess":true,"inputBytes":36,"outputBytes":143,"memory":{"rss":{"before":86556672,"after":86638592,"delta":81920},"heapUsed":{"before":38389301,"after":38389301,"delta":0}}},"msg":"Tool execution finished."}
